_id,asset_allocation,asset_allocation_id,asset_currency,asset_value,created,asset_value_gbp
1,Equities,39958838,USD,217.06,2025-02-25T09:18:34.158728+00:00,171.47740000000002
1,Commodities,83197857,GBP,159.05,2025-05-18T09:18:34.162165+00:00,159.05
2,Cash,22575562,USD,231.12,2025-03-06T09:18:34.162165+00:00,182.5848
2,Cash,85329037,USD,321.75,2025-02-22T09:18:34.163356+00:00,254.1825
3,Crypto,66306997,USD,181.15,2025-04-17T09:18:34.163356+00:00,143.10850000000002
3,Commodities,10872248,USD,212.27,2025-04-09T09:18:34.163356+00:00,167.69330000000002
4,Equities,30868105,USD,366.98,2025-04-09T09:18:34.163356+00:00,289.91420000000005
4,Equities,22448136,JPY,26321.19,2025-04-08T09:18:34.163356+00:00,136.87018799999998
4,Equities,15831819,JPY,36869.47,2025-04-04T09:18:34.163356+00:00,191.72124399999998
4,Equities,84093639,EUR,315.57,2025-03-04T09:18:34.163356+00:00,268.23449999999997
5,Bonds,87490893,USD,213.07,2025-05-17T09:18:34.163356+00:00,168.3253
6,Commodities,40587988,EUR,342.45,2025-04-23T09:18:34.163356+00:00,291.0825
7,Cash,61019678,EUR,167.14,2025-04-06T09:18:34.163356+00:00,142.069
7,Equities,59684848,EUR,139.09,2025-04-18T09:18:34.163356+00:00,118.2265
7,Commodities,96977837,GBP,160.91,2025-05-01T09:18:34.163356+00:00,160.91
7,Crypto,42857966,USD,182.78,2025-04-18T09:18:34.163356+00:00,144.3962
8,Crypto,39476249,EUR,317.89,2025-05-15T09:18:34.163356+00:00,270.2065
8,Real Estate,14308421,EUR,241.7,2025-05-14T09:18:34.163356+00:00,205.445
9,Equities,86125617,EUR,139.45,2025-03-20T09:18:34.163356+00:00,118.53249999999998
9,Real Estate,96282117,JPY,18285.95,2025-05-05T09:18:34.163356+00:00,95.08694
10,Equities,85345555,AUD,350.41,2025-03-09T09:18:34.163356+00:00,182.21320000000003
10,Real Estate,88320463,JPY,32687.91,2025-05-05T09:18:34.163356+00:00,169.97713199999998
10,Crypto,76238574,GBP,263.37,2025-05-08T09:18:34.163356+00:00,263.37
10,Equities,94214382,USD,336.01,2025-03-29T09:18:34.163356+00:00,265.4479
11,Crypto,18526544,JPY,22105.91,2025-03-24T09:18:34.163356+00:00,114.95073199999999
11,Crypto,43744231,AUD,344.24,2025-05-21T09:18:34.163356+00:00,179.00480000000002
12,Equities,82070937,EUR,305.08,2025-04-09T09:18:34.163356+00:00,259.318
12,Equities,49392920,JPY,27795.79,2025-05-22T09:18:34.163356+00:00,144.538108
12,Crypto,77187530,USD,282.69,2025-05-09T09:18:34.163356+00:00,223.32510000000002
12,Crypto,95758349,AUD,446.49,2025-05-03T09:18:34.163356+00:00,232.1748
14,Bonds,31682744,AUD,542.1,2025-03-16T09:18:34.163356+00:00,281.892
14,Cash,90388981,EUR,256.78,2025-05-08T09:18:34.163356+00:00,218.26299999999998
15,Crypto,51273847,USD,132.24,2025-03-11T09:18:34.164617+00:00,104.46960000000001
16,Cash,21496211,JPY,43584.56,2025-03-15T09:18:34.164617+00:00,226.63971199999997
16,Equities,27232410,JPY,46724.37,2025-05-01T09:18:34.164617+00:00,242.966724
16,Bonds,80823176,AUD,394.92,2025-04-25T09:18:34.164617+00:00,205.35840000000002
16,Crypto,36998038,EUR,241.33,2025-02-26T09:18:34.164617+00:00,205.1305
16,Commodities,60119651,JPY,45590.74,2025-03-26T09:18:34.164617+00:00,237.071848
17,Equities,43273328,USD,133.0,2025-05-20T09:18:34.164617+00:00,105.07000000000001
17,Commodities,84346088,USD,198.56,2025-05-22T09:18:34.164617+00:00,156.8624
18,Cash,94705205,GBP,184.34,2025-05-18T09:18:34.164617+00:00,184.34
18,Bonds,19510312,AUD,343.55,2025-02-26T09:18:34.164617+00:00,178.64600000000002
18,Real Estate,38754377,AUD,314.22,2025-03-10T09:18:34.164617+00:00,163.39440000000002
19,Crypto,73440831,USD,223.08,2025-03-31T09:18:34.164617+00:00,176.2332
19,Equities,22660194,GBP,165.9,2025-04-07T09:18:34.164617+00:00,165.9
19,Real Estate,65177213,JPY,29821.39,2025-05-16T09:18:34.164617+00:00,155.071228
20,Crypto,97705310,GBP,159.09,2025-04-09T09:18:34.164617+00:00,159.09
20,Commodities,24665841,USD,223.42,2025-03-15T09:18:34.164617+00:00,176.5018
20,Crypto,28814949,JPY,28403.71,2025-03-24T09:18:34.164617+00:00,147.69929199999999
20,Real Estate,20117988,JPY,43392.53,2025-03-13T09:18:34.164617+00:00,225.641156
21,Equities,16789850,AUD,339.67,2025-05-11T09:18:34.164617+00:00,176.62840000000003
21,Real Estate,32321899,JPY,23770.26,2025-04-25T09:18:34.164617+00:00,123.60535199999998
21,Crypto,17869910,USD,172.37,2025-04-03T09:18:34.164617+00:00,136.1723
21,Crypto,71070189,EUR,163.65,2025-03-12T09:18:34.164617+00:00,139.1025
22,Crypto,75319931,USD,223.11,2025-04-25T09:18:34.164617+00:00,176.25690000000003
22,Cash,87736262,AUD,294.42,2025-04-12T09:18:34.164617+00:00,153.09840000000003
22,Cash,16729990,AUD,409.81,2025-03-16T09:18:34.164617+00:00,213.1012
23,Bonds,17634247,AUD,199.82,2025-04-29T09:18:34.164617+00:00,103.9064
23,Equities,89864260,GBP,167.52,2025-04-22T09:18:34.164617+00:00,167.52
24,Real Estate,26090908,AUD,345.82,2025-03-07T09:18:34.164617+00:00,179.8264
24,Cash,93131979,GBP,212.88,2025-03-09T09:18:34.164617+00:00,212.88
24,Crypto,80166708,EUR,333.74,2025-04-26T09:18:34.164617+00:00,283.679
25,Crypto,42035886,EUR,160.52,2025-02-26T09:18:34.165961+00:00,136.442
25,Crypto,71367643,EUR,221.84,2025-05-13T09:18:34.165961+00:00,188.564
26,Cash,71510041,AUD,554.57,2025-05-10T09:18:34.165961+00:00,288.37640000000005
26,Equities,82160068,USD,282.35,2025-05-06T09:18:34.165961+00:00,223.05650000000003
26,Crypto,19233013,USD,256.79,2025-05-02T09:18:34.165961+00:00,202.86410000000004
26,Crypto,82909480,EUR,278.01,2025-02-28T09:18:34.165961+00:00,236.30849999999998
26,Crypto,11049999,AUD,360.58,2025-02-27T09:18:34.165961+00:00,187.5016
27,Equities,28024248,EUR,128.27,2025-05-09T09:18:34.165961+00:00,109.0295
27,Commodities,30863865,EUR,147.4,2025-04-26T09:18:34.165961+00:00,125.29
27,Crypto,37326368,EUR,173.12,2025-04-20T09:18:34.165961+00:00,147.152
28,Cash,22388090,JPY,43904.35,2025-05-17T09:18:34.165961+00:00,228.30262
28,Cash,54769200,USD,306.96,2025-04-19T09:18:34.165961+00:00,242.4984
29,Bonds,69302158,AUD,315.55,2025-03-12T09:18:34.165961+00:00,164.086
29,Cash,25015458,GBP,194.51,2025-02-23T09:18:34.165961+00:00,194.51
29,Bonds,83227889,GBP,183.46,2025-03-09T09:18:34.165961+00:00,183.46
30,Commodities,29876811,JPY,27058.69,2025-04-13T09:18:34.165961+00:00,140.705188
31,Bonds,15354599,EUR,139.16,2025-04-21T09:18:34.165961+00:00,118.28599999999999
31,Equities,57469942,AUD,348.56,2025-03-31T09:18:34.165961+00:00,181.2512
32,Bonds,41774346,USD,370.54,2025-04-30T09:18:34.165961+00:00,292.7266
32,Crypto,13326769,USD,325.61,2025-04-10T09:18:34.165961+00:00,257.2319
32,Crypto,99913412,USD,237.53,2025-02-22T09:18:34.165961+00:00,187.64870000000002
32,Bonds,61343880,GBP,278.79,2025-04-24T09:18:34.165961+00:00,278.79
32,Real Estate,71780854,EUR,225.15,2025-04-23T09:18:34.165961+00:00,191.3775
33,Bonds,13176186,USD,174.81,2025-04-17T09:18:34.165961+00:00,138.09990000000002
33,Equities,47463522,EUR,188.77,2025-04-01T09:18:34.165961+00:00,160.4545
34,Crypto,13704481,GBP,281.56,2025-04-19T09:18:34.165961+00:00,281.56
35,Bonds,87925434,EUR,119.4,2025-03-07T09:18:34.165961+00:00,101.49000000000001
35,Real Estate,56397338,EUR,165.19,2025-03-18T09:18:34.165961+00:00,140.4115
35,Equities,61700055,AUD,220.16,2025-05-17T09:18:34.165961+00:00,114.4832
36,Real Estate,10226999,AUD,534.35,2025-03-15T09:18:34.165961+00:00,277.862
36,Bonds,58884978,JPY,25679.37,2025-02-26T09:18:34.165961+00:00,133.532724
36,Bonds,93638503,EUR,286.93,2025-05-07T09:18:34.165961+00:00,243.8905
36,Bonds,78064830,EUR,287.54,2025-04-11T09:18:34.165961+00:00,244.40900000000002
37,Real Estate,49682169,AUD,208.55,2025-03-30T09:18:34.165961+00:00,108.44600000000001
37,Crypto,60888017,USD,201.94,2025-04-14T09:18:34.165961+00:00,159.5326
37,Real Estate,83542887,GBP,130.39,2025-04-26T09:18:34.165961+00:00,130.39
38,Real Estate,87844239,AUD,459.18,2025-03-24T09:18:34.165961+00:00,238.77360000000002
38,Crypto,69345683,USD,283.35,2025-05-01T09:18:34.165961+00:00,223.84650000000002
39,Equities,48089166,AUD,307.81,2025-03-04T09:18:34.165961+00:00,160.0612
39,Bonds,22534217,USD,209.1,2025-04-24T09:18:34.165961+00:00,165.189
40,Equities,29777514,GBP,156.93,2025-03-23T09:18:34.165961+00:00,156.93
41,Equities,71124923,JPY,30178.19,2025-03-10T09:18:34.165961+00:00,156.92658799999998
41,Equities,61536717,JPY,22394.45,2025-05-04T09:18:34.165961+00:00,116.45114
41,Cash,24305904,JPY,19501.46,2025-02-22T09:18:34.165961+00:00,101.407592
41,Commodities,72350830,GBP,155.74,2025-05-07T09:18:34.165961+00:00,155.74
42,Crypto,27896471,JPY,40021.87,2025-03-12T09:18:34.167642+00:00,208.113724
42,Crypto,69401199,AUD,503.66,2025-03-19T09:18:34.167642+00:00,261.9032
43,Bonds,83534128,JPY,30355.33,2025-03-23T09:18:34.167642+00:00,157.847716
43,Bonds,44788100,USD,229.98,2025-04-17T09:18:34.167642+00:00,181.6842
44,Commodities,75041510,USD,238.99,2025-05-13T09:18:34.167642+00:00,188.80210000000002
44,Equities,41473195,EUR,230.43,2025-03-14T09:18:34.167642+00:00,195.8655
44,Equities,28572252,USD,230.86,2025-02-23T09:18:34.167642+00:00,182.37940000000003
44,Equities,38716269,GBP,212.23,2025-04-10T09:18:34.167642+00:00,212.23
45,Commodities,72535301,JPY,16996.25,2025-03-30T09:18:34.167642+00:00,88.3805
45,Real Estate,88393811,GBP,185.67,2025-03-10T09:18:34.167642+00:00,185.67
45,Real Estate,74019136,GBP,194.27,2025-04-14T09:18:34.167642+00:00,194.27
46,Commodities,62343121,JPY,36917.29,2025-03-14T09:18:34.167642+00:00,191.969908
46,Commodities,90967191,USD,279.04,2025-04-18T09:18:34.167642+00:00,220.44160000000002
46,Real Estate,75181765,GBP,208.33,2025-02-26T09:18:34.167642+00:00,208.33
47,Real Estate,32151928,JPY,30712.67,2025-03-04T09:18:34.167642+00:00,159.705884
47,Commodities,13619375,JPY,25470.28,2025-02-27T09:18:34.167642+00:00,132.44545599999998
47,Cash,21267237,JPY,18171.19,2025-03-24T09:18:34.167642+00:00,94.49018799999999
47,Equities,16749089,EUR,158.6,2025-04-25T09:18:34.167642+00:00,134.81
47,Crypto,53868501,EUR,202.54,2025-04-04T09:18:34.167642+00:00,172.159
48,Equities,66581473,EUR,316.52,2025-03-23T09:18:34.167642+00:00,269.042
48,Cash,82399599,GBP,299.99,2025-04-08T09:18:34.167642+00:00,299.99
49,Equities,97260863,GBP,178.12,2025-02-28T09:18:34.167642+00:00,178.12
49,Cash,14164775,USD,149.92,2025-05-20T09:18:34.167642+00:00,118.43679999999999
49,Equities,42016960,USD,184.2,2025-05-08T09:18:34.167642+00:00,145.518
50,Commodities,39254705,JPY,40787.16,2025-04-05T09:18:34.167642+00:00,212.093232
50,Bonds,91321540,AUD,544.94,2025-05-08T09:18:34.167642+00:00,283.3688
51,Equities,51746937,GBP,157.87,2025-04-13T09:18:34.167642+00:00,157.87
51,Crypto,60372847,JPY,31063.53,2025-04-27T09:18:34.167642+00:00,161.53035599999998
51,Cash,89470029,USD,137.74,2025-04-14T09:18:34.167642+00:00,108.81460000000001
52,Equities,85958181,GBP,202.08,2025-03-29T09:18:34.167642+00:00,202.08
52,Crypto,19255216,AUD,457.19,2025-05-21T09:18:34.167642+00:00,237.7388
52,Crypto,75793759,GBP,215.03,2025-04-06T09:18:34.167642+00:00,215.03
52,Crypto,30534124,JPY,28227.29,2025-03-17T09:18:34.167642+00:00,146.781908
53,Bonds,92666356,AUD,328.31,2025-03-24T09:18:34.167642+00:00,170.7212
53,Real Estate,89520597,EUR,152.07,2025-04-21T09:18:34.167642+00:00,129.2595
53,Equities,47437115,JPY,19901.82,2025-03-24T09:18:34.167642+00:00,103.489464
54,Real Estate,55150390,GBP,224.15,2025-04-11T09:18:34.167642+00:00,224.15
54,Equities,75437844,USD,254.03,2025-04-19T09:18:34.167642+00:00,200.68370000000002
54,Bonds,47535126,AUD,472.08,2025-04-17T09:18:34.167642+00:00,245.4816
55,Crypto,11362459,AUD,360.39,2025-05-12T09:18:34.167642+00:00,187.4028
55,Equities,64549859,JPY,24882.82,2025-04-22T09:18:34.167642+00:00,129.390664
55,Commodities,73900135,JPY,23170.79,2025-05-20T09:18:34.167642+00:00,120.488108
55,Cash,49491631,USD,175.55,2025-04-21T09:18:34.167642+00:00,138.6845
56,Bonds,99115205,AUD,379.9,2025-03-13T09:18:34.167642+00:00,197.548
56,Crypto,56138336,JPY,47919.16,2025-03-13T09:18:34.167642+00:00,249.179632
57,Crypto,57219209,JPY,20334.66,2025-04-20T09:18:34.167642+00:00,105.74023199999999
57,Real Estate,26194158,USD,164.44,2025-03-15T09:18:34.167642+00:00,129.9076
59,Commodities,34850391,USD,152.05,2025-03-22T09:18:34.167642+00:00,120.11950000000002
60,Crypto,89133014,AUD,443.11,2025-05-10T09:18:34.167642+00:00,230.4172
61,Equities,49761527,USD,170.11,2025-04-14T09:18:34.167642+00:00,134.38690000000003
61,Cash,81690398,USD,159.29,2025-05-16T09:18:34.167642+00:00,125.8391
61,Crypto,49209916,USD,204.73,2025-03-21T09:18:34.167642+00:00,161.7367
61,Cash,11646234,AUD,237.6,2025-03-22T09:18:34.167642+00:00,123.552
61,Real Estate,55728776,USD,245.69,2025-04-20T09:18:34.167642+00:00,194.0951
62,Crypto,25312516,GBP,210.11,2025-05-13T09:18:34.167642+00:00,210.11
63,Cash,30364454,USD,226.39,2025-04-14T09:18:34.167642+00:00,178.8481
63,Equities,43311626,GBP,155.81,2025-03-30T09:18:34.167642+00:00,155.81
64,Equities,80138498,JPY,34812.35,2025-03-27T09:18:34.167642+00:00,181.02421999999999
64,Equities,88990506,JPY,31329.13,2025-03-04T09:18:34.167642+00:00,162.911476
65,Cash,91823275,GBP,194.76,2025-04-26T09:18:34.167642+00:00,194.76
65,Real Estate,45520201,GBP,115.71,2025-04-30T09:18:34.167642+00:00,115.71
65,Crypto,20075036,USD,125.33,2025-03-26T09:18:34.167642+00:00,99.0107
66,Commodities,89699989,JPY,30990.22,2025-04-23T09:18:34.167642+00:00,161.149144
66,Bonds,47945817,JPY,25708.31,2025-04-23T09:18:34.167642+00:00,133.683212
66,Bonds,93893865,AUD,460.98,2025-04-27T09:18:34.167642+00:00,239.70960000000002
67,Crypto,25405014,AUD,226.59,2025-05-03T09:18:34.167642+00:00,117.8268
67,Crypto,29090631,GBP,105.96,2025-04-13T09:18:34.167642+00:00,105.96
67,Commodities,86397676,EUR,165.5,2025-03-24T09:18:34.167642+00:00,140.67499999999998
68,Commodities,50814428,JPY,46624.23,2025-03-19T09:18:34.167642+00:00,242.445996
68,Crypto,76276072,JPY,25930.6,2025-05-17T09:18:34.167642+00:00,134.83911999999998
69,Real Estate,53261270,AUD,231.32,2025-05-11T09:18:34.167642+00:00,120.2864
69,Equities,87201917,AUD,360.9,2025-02-25T09:18:34.167642+00:00,187.668
70,Bonds,87342561,GBP,264.47,2025-04-30T09:18:34.167642+00:00,264.47
70,Real Estate,79654147,JPY,45985.75,2025-04-29T09:18:34.167642+00:00,239.1259
70,Crypto,68503492,JPY,47257.33,2025-03-23T09:18:34.167642+00:00,245.738116
71,Bonds,64807553,EUR,151.92,2025-05-09T09:18:34.167642+00:00,129.13199999999998
71,Equities,54265498,JPY,27098.78,2025-04-16T09:18:34.167642+00:00,140.91365599999997
72,Crypto,83832717,GBP,218.22,2025-04-12T09:18:34.167642+00:00,218.22
72,Crypto,53389073,GBP,295.53,2025-04-01T09:18:34.167642+00:00,295.53
72,Commodities,10154493,AUD,405.7,2025-05-16T09:18:34.167642+00:00,210.964
72,Real Estate,79583757,EUR,279.9,2025-03-20T09:18:34.167642+00:00,237.91499999999996
73,Crypto,69329732,GBP,120.36,2025-03-13T09:18:34.167642+00:00,120.36
73,Bonds,48658617,JPY,30093.55,2025-03-21T09:18:34.167642+00:00,156.48646
73,Equities,13874790,AUD,332.87,2025-02-21T09:18:34.167642+00:00,173.0924
74,Equities,51708177,AUD,281.29,2025-03-31T09:18:34.167642+00:00,146.2708
74,Equities,40158811,GBP,219.22,2025-05-07T09:18:34.167642+00:00,219.22
74,Equities,76890827,EUR,260.28,2025-04-18T09:18:34.167642+00:00,221.23799999999997
75,Crypto,74759996,JPY,19899.69,2025-03-13T09:18:34.167642+00:00,103.478388
75,Bonds,61484043,USD,240.23,2025-03-18T09:18:34.167642+00:00,189.7817
76,Commodities,28321839,GBP,191.44,2025-03-30T09:18:34.167642+00:00,191.44
76,Bonds,78147397,EUR,314.04,2025-04-16T09:18:34.167642+00:00,266.934
76,Commodities,50071487,AUD,438.43,2025-02-27T09:18:34.167642+00:00,227.98360000000002
76,Real Estate,29944139,JPY,36925.93,2025-04-08T09:18:34.167642+00:00,192.014836
77,Crypto,84077101,AUD,254.78,2025-04-11T09:18:34.167642+00:00,132.4856
77,Real Estate,42051937,AUD,255.85,2025-03-31T09:18:34.167642+00:00,133.042
77,Cash,52704903,JPY,27283.65,2025-04-04T09:18:34.167642+00:00,141.87498
78,Crypto,99078806,USD,280.37,2025-05-18T09:18:34.167642+00:00,221.4923
79,Bonds,77416376,AUD,246.42,2025-05-10T09:18:34.167642+00:00,128.1384
79,Crypto,23383077,AUD,353.43,2025-05-21T09:18:34.167642+00:00,183.7836
79,Bonds,65026398,USD,134.35,2025-04-19T09:18:34.167642+00:00,106.1365
80,Crypto,93652460,JPY,39596.08,2025-04-10T09:18:34.167642+00:00,205.899616
81,Crypto,61003997,EUR,187.08,2025-03-21T09:18:34.167642+00:00,159.018
81,Crypto,14818295,AUD,197.66,2025-03-03T09:18:34.167642+00:00,102.78320000000001
82,Crypto,40532691,GBP,215.1,2025-05-10T09:18:34.167642+00:00,215.1
82,Equities,69549527,USD,317.63,2025-05-19T09:18:34.167642+00:00,250.92770000000002
82,Cash,53536830,GBP,194.01,2025-04-05T09:18:34.167642+00:00,194.01
83,Real Estate,29538047,USD,191.4,2025-03-11T09:18:34.167642+00:00,151.20600000000002
83,Bonds,32814819,USD,134.87,2025-04-04T09:18:34.167642+00:00,106.5473
83,Bonds,76795767,AUD,211.48,2025-03-24T09:18:34.167642+00:00,109.9696
83,Bonds,71682508,EUR,191.69,2025-03-24T09:18:34.167642+00:00,162.9365
84,Equities,83363160,USD,201.35,2025-04-08T09:18:34.167642+00:00,159.0665
84,Equities,95756900,JPY,40567.52,2025-03-25T09:18:34.167642+00:00,210.951104
84,Equities,36738452,JPY,44480.05,2025-05-09T09:18:34.167642+00:00,231.29626000000002
85,Real Estate,61185849,AUD,251.41,2025-04-15T09:18:34.167642+00:00,130.7332
85,Crypto,12944682,JPY,20391.69,2025-03-11T09:18:34.167642+00:00,106.03678799999999
85,Cash,91390501,JPY,29325.42,2025-04-16T09:18:34.167642+00:00,152.49218399999998
86,Equities,91478884,EUR,210.28,2025-04-28T09:18:34.167642+00:00,178.738
86,Crypto,43638559,USD,305.3,2025-03-03T09:18:34.167642+00:00,241.187
86,Commodities,15291208,EUR,308.54,2025-05-18T09:18:34.167642+00:00,262.259
86,Crypto,58970845,USD,204.4,2025-04-15T09:18:34.167642+00:00,161.476
87,Crypto,65767881,USD,150.1,2025-03-14T09:18:34.167642+00:00,118.57900000000001
87,Crypto,81249799,AUD,354.0,2025-05-01T09:18:34.167642+00:00,184.08
87,Crypto,74672520,EUR,200.85,2025-04-09T09:18:34.167642+00:00,170.7225
88,Cash,72858374,GBP,171.11,2025-04-24T09:18:34.167642+00:00,171.11
88,Commodities,63339667,AUD,379.0,2025-04-02T09:18:34.167642+00:00,197.08
88,Cash,45495029,AUD,311.8,2025-04-05T09:18:34.167642+00:00,162.13600000000002
88,Commodities,45186708,AUD,383.23,2025-03-02T09:18:34.167642+00:00,199.27960000000002
88,Bonds,24541967,USD,275.9,2025-03-04T09:18:34.167642+00:00,217.96099999999998
89,Crypto,54024257,AUD,225.95,2025-05-14T09:18:34.167642+00:00,117.494
89,Commodities,72312933,EUR,189.66,2025-05-08T09:18:34.167642+00:00,161.21099999999998
89,Equities,16086345,GBP,130.44,2025-03-20T09:18:34.167642+00:00,130.44
90,Cash,23044889,USD,353.86,2025-05-05T09:18:34.167642+00:00,279.54940000000005
91,Real Estate,70887034,EUR,192.11,2025-02-22T09:18:34.167642+00:00,163.2935
91,Crypto,66254240,AUD,322.32,2025-05-03T09:18:34.167642+00:00,167.6064
91,Real Estate,97902129,GBP,183.37,2025-03-05T09:18:34.167642+00:00,183.37
92,Crypto,47546086,GBP,253.54,2025-04-25T09:18:34.167642+00:00,253.54
92,Crypto,69686067,USD,347.9,2025-05-10T09:18:34.167642+00:00,274.841
92,Crypto,83076970,EUR,182.94,2025-04-17T09:18:34.167642+00:00,155.499
93,Bonds,26395999,JPY,17466.77,2025-04-25T09:18:34.167642+00:00,90.827204
93,Cash,16788532,EUR,143.01,2025-05-06T09:18:34.167642+00:00,121.5585
93,Bonds,19208698,AUD,223.32,2025-04-25T09:18:34.167642+00:00,116.1264
93,Bonds,54098516,USD,223.58,2025-03-07T09:18:34.167642+00:00,176.62820000000002
94,Cash,47215199,USD,372.66,2025-03-14T09:18:34.167642+00:00,294.4014
94,Equities,33420607,GBP,249.16,2025-05-19T09:18:34.167642+00:00,249.16
94,Equities,11994519,EUR,308.77,2025-04-22T09:18:34.167642+00:00,262.4545
95,Crypto,53455870,GBP,117.42,2025-05-16T09:18:34.167642+00:00,117.42
95,Equities,66500369,AUD,206.03,2025-05-14T09:18:34.167642+00:00,107.13560000000001
96,Real Estate,70166480,EUR,261.03,2025-05-09T09:18:34.167642+00:00,221.87549999999996
97,Real Estate,77624084,USD,243.18,2025-05-17T09:18:34.167642+00:00,192.1122
97,Commodities,98436473,AUD,240.8,2025-03-01T09:18:34.167642+00:00,125.21600000000001
98,Cash,18163847,JPY,44335.17,2025-03-29T09:18:34.167642+00:00,230.542884
98,Equities,75802771,JPY,25763.78,2025-05-12T09:18:34.167642+00:00,133.971656
99,Bonds,91644298,USD,133.21,2025-04-17T09:18:34.167642+00:00,105.23590000000002
99,Crypto,94970119,AUD,286.45,2025-04-11T09:18:34.167642+00:00,148.954
100,Real Estate,90180577,AUD,359.33,2025-03-19T09:18:34.167642+00:00,186.8516
100,Crypto,67740376,GBP,268.96,2025-05-08T09:18:34.167642+00:00,268.96
100,Commodities,97364555,AUD,477.53,2025-04-25T09:18:34.167642+00:00,248.3156
101,Real Estate,70606674,USD,176.73,2025-03-25T09:18:34.167642+00:00,139.6167
101,Real Estate,65833185,GBP,131.25,2025-04-12T09:18:34.167642+00:00,131.25
101,Commodities,44210729,EUR,224.66,2025-02-24T09:18:34.167642+00:00,190.96099999999998
101,Real Estate,19010480,GBP,183.18,2025-05-11T09:18:34.167642+00:00,183.18
102,Crypto,22960658,EUR,312.53,2025-03-12T09:18:34.167642+00:00,265.65049999999997
102,Cash,88714010,AUD,433.37,2025-02-26T09:18:34.167642+00:00,225.35240000000002
102,Equities,65137801,EUR,323.2,2025-03-29T09:18:34.167642+00:00,274.71999999999997
103,Cash,48604965,AUD,242.8,2025-05-09T09:18:34.167642+00:00,126.25600000000001
104,Commodities,38553319,USD,310.64,2025-04-24T09:18:34.167642+00:00,245.4056
104,Equities,56991504,AUD,379.5,2025-04-17T09:18:34.167642+00:00,197.34
104,Equities,67594492,AUD,547.94,2025-03-04T09:18:34.167642+00:00,284.9288
105,Crypto,96261621,AUD,189.86,2025-02-27T09:18:34.167642+00:00,98.72720000000001
105,Commodities,45896226,GBP,118.04,2025-02-22T09:18:34.167642+00:00,118.04
105,Bonds,55610493,EUR,115.7,2025-05-04T09:18:34.167642+00:00,98.345
105,Crypto,98227303,JPY,17113.37,2025-03-02T09:18:34.167642+00:00,88.98952399999999
106,Cash,22315507,AUD,337.2,2025-03-30T09:18:34.167642+00:00,175.344
106,Real Estate,55754284,USD,256.88,2025-04-11T09:18:34.167642+00:00,202.9352
107,Crypto,90023800,GBP,188.33,2025-05-03T09:18:34.167642+00:00,188.33
107,Equities,92924837,GBP,167.4,2025-04-18T09:18:34.167642+00:00,167.4
107,Real Estate,98843907,JPY,23770.59,2025-03-27T09:18:34.167642+00:00,123.607068
108,Crypto,46663833,USD,329.05,2025-05-08T09:18:34.167642+00:00,259.9495
108,Crypto,67702031,GBP,192.49,2025-02-25T09:18:34.167642+00:00,192.49
108,Commodities,75314742,AUD,462.63,2025-05-17T09:18:34.167642+00:00,240.5676
109,Real Estate,63051354,AUD,195.13,2025-04-26T09:18:34.167642+00:00,101.4676
109,Crypto,38351344,USD,220.52,2025-04-15T09:18:34.167642+00:00,174.2108
110,Bonds,26104026,GBP,224.61,2025-03-28T09:18:34.167642+00:00,224.61
110,Equities,27339011,JPY,36781.98,2025-04-23T09:18:34.167642+00:00,191.266296
110,Crypto,84990607,EUR,184.93,2025-05-17T09:18:34.167642+00:00,157.19050000000001
111,Real Estate,12515446,JPY,30738.6,2025-04-12T09:18:34.167642+00:00,159.84071999999998
112,Crypto,86960402,JPY,41027.98,2025-03-30T09:18:34.167642+00:00,213.345496
112,Crypto,25458308,JPY,24500.56,2025-04-11T09:18:34.167642+00:00,127.402912
112,Bonds,92963368,JPY,43968.62,2025-04-06T09:18:34.167642+00:00,228.636824
113,Equities,68614462,GBP,124.33,2025-03-08T09:18:34.167642+00:00,124.33
113,Real Estate,80325062,GBP,139.58,2025-04-13T09:18:34.167642+00:00,139.58
114,Crypto,55568701,USD,249.95,2025-05-01T09:18:34.167642+00:00,197.4605
114,Equities,78515906,GBP,229.59,2025-04-28T09:18:34.167642+00:00,229.59
114,Commodities,56892354,EUR,297.97,2025-03-01T09:18:34.167642+00:00,253.27450000000002
115,Equities,41711468,GBP,114.64,2025-04-27T09:18:34.167642+00:00,114.64
115,Equities,90852623,USD,220.03,2025-02-28T09:18:34.167642+00:00,173.8237
115,Cash,33776150,JPY,23423.25,2025-03-11T09:18:34.167642+00:00,121.8009
116,Crypto,70251043,AUD,455.93,2025-03-04T09:18:34.167642+00:00,237.08360000000002
116,Bonds,94183695,EUR,198.54,2025-05-14T09:18:34.167642+00:00,168.759
117,Real Estate,69352161,EUR,206.58,2025-03-08T09:18:34.167642+00:00,175.59300000000002
117,Cash,57236885,AUD,198.73,2025-03-24T09:18:34.167642+00:00,103.3396
117,Real Estate,15047559,GBP,136.87,2025-04-16T09:18:34.167642+00:00,136.87
117,Cash,96525668,GBP,161.5,2025-03-19T09:18:34.167642+00:00,161.5
118,Crypto,72104107,AUD,431.32,2025-05-17T09:18:34.167642+00:00,224.28640000000001
118,Crypto,86726461,USD,247.79,2025-03-23T09:18:34.167642+00:00,195.7541
119,Crypto,30248230,GBP,145.05,2025-04-09T09:18:34.167642+00:00,145.05
119,Commodities,21318464,AUD,304.53,2025-05-17T09:18:34.167642+00:00,158.35559999999998
119,Equities,68754920,JPY,24385.1,2025-03-05T09:18:34.167642+00:00,126.80251999999999
120,Bonds,58841557,EUR,330.84,2025-04-03T09:18:34.167642+00:00,281.214
120,Crypto,55414869,AUD,292.03,2025-03-03T09:18:34.167642+00:00,151.85559999999998
120,Crypto,18846539,EUR,188.8,2025-02-25T09:18:34.167642+00:00,160.48000000000002
121,Crypto,48137561,EUR,198.23,2025-02-27T09:18:34.167642+00:00,168.4955
122,Bonds,54743095,GBP,237.41,2025-05-04T09:18:34.167642+00:00,237.41
123,Bonds,51638598,JPY,18063.23,2025-02-21T09:18:34.167642+00:00,93.92879599999999
124,Equities,51551377,AUD,382.03,2025-04-10T09:18:34.167642+00:00,198.6556
124,Equities,99941500,AUD,303.43,2025-02-26T09:18:34.167642+00:00,157.7836
124,Real Estate,78248169,EUR,175.64,2025-04-13T09:18:34.167642+00:00,149.29399999999998
124,Equities,38748452,EUR,335.97,2025-03-21T09:18:34.167642+00:00,285.5745
125,Real Estate,40406092,USD,144.37,2025-04-15T09:18:34.167642+00:00,114.0523
125,Equities,78140959,AUD,339.5,2025-03-16T09:18:34.167642+00:00,176.54
126,Cash,98842638,EUR,323.68,2025-03-04T09:18:34.167642+00:00,275.128
126,Bonds,90161060,JPY,27702.07,2025-04-29T09:18:34.167642+00:00,144.050764
126,Bonds,68743530,GBP,211.63,2025-02-25T09:18:34.167642+00:00,211.63
126,Real Estate,69619341,AUD,356.57,2025-03-26T09:18:34.167642+00:00,185.4164
126,Real Estate,81673763,USD,245.53,2025-03-23T09:18:34.167642+00:00,193.9687
127,Real Estate,59370777,AUD,367.12,2025-03-24T09:18:34.167642+00:00,190.9024
127,Crypto,61254050,AUD,282.58,2025-05-02T09:18:34.167642+00:00,146.9416
128,Real Estate,91156554,USD,351.19,2025-05-16T09:18:34.167642+00:00,277.44010000000003
128,Crypto,59823245,AUD,536.77,2025-03-17T09:18:34.167642+00:00,279.1204
128,Equities,48260510,GBP,264.47,2025-04-18T09:18:34.167642+00:00,264.47
129,Crypto,78901038,USD,228.88,2025-05-11T09:18:34.167642+00:00,180.8152
129,Real Estate,70549373,EUR,222.0,2025-03-30T09:18:34.167642+00:00,188.7
129,Cash,63211150,AUD,254.18,2025-04-03T09:18:34.167642+00:00,132.17360000000002
129,Equities,60319927,USD,128.52,2025-05-10T09:18:34.167642+00:00,101.53080000000001
130,Bonds,29602406,USD,194.68,2025-03-23T09:18:34.167642+00:00,153.7972
130,Bonds,72962895,JPY,38768.36,2025-05-12T09:18:34.167642+00:00,201.595472
130,Cash,44349528,USD,344.06,2025-03-13T09:18:34.167642+00:00,271.80740000000003
130,Commodities,66808292,GBP,266.43,2025-04-22T09:18:34.167642+00:00,266.43
130,Bonds,26354208,GBP,185.77,2025-03-02T09:18:34.167642+00:00,185.77
131,Commodities,93592219,JPY,17004.91,2025-03-20T09:18:34.167642+00:00,88.42553199999999
131,Crypto,81947921,GBP,163.2,2025-03-10T09:18:34.167642+00:00,163.2
131,Bonds,29270557,EUR,164.36,2025-03-05T09:18:34.167642+00:00,139.70600000000002
131,Bonds,42287985,AUD,262.07,2025-02-26T09:18:34.167642+00:00,136.2764
131,Crypto,21490910,AUD,365.31,2025-05-14T09:18:34.167642+00:00,189.96120000000002
132,Crypto,83025444,AUD,495.73,2025-03-19T09:18:34.167642+00:00,257.7796
132,Crypto,12729224,JPY,44959.95,2025-05-17T09:18:34.167642+00:00,233.79173999999998
132,Crypto,61926331,EUR,216.25,2025-05-20T09:18:34.167642+00:00,183.8125
132,Bonds,19067690,EUR,214.09,2025-02-27T09:18:34.167642+00:00,181.9765
133,Equities,88101741,EUR,130.34,2025-04-07T09:18:34.167642+00:00,110.789
133,Commodities,55439043,USD,228.8,2025-02-24T09:18:34.167642+00:00,180.752
133,Crypto,74227366,USD,226.44,2025-05-14T09:18:34.167642+00:00,178.88760000000002
133,Crypto,14963880,EUR,138.18,2025-04-27T09:18:34.167642+00:00,117.453
134,Cash,52358553,EUR,261.4,2025-03-14T09:18:34.167642+00:00,222.18999999999997
134,Bonds,43999198,GBP,262.99,2025-04-28T09:18:34.167642+00:00,262.99
134,Equities,57912262,GBP,279.87,2025-04-10T09:18:34.167642+00:00,279.87
135,Bonds,26706752,EUR,165.25,2025-04-01T09:18:34.167642+00:00,140.4625
135,Crypto,61894582,EUR,226.98,2025-03-20T09:18:34.167642+00:00,192.933
135,Crypto,59304469,AUD,234.34,2025-05-12T09:18:34.167642+00:00,121.8568
136,Crypto,66975380,GBP,214.59,2025-04-29T09:18:34.167642+00:00,214.59
136,Crypto,49428661,EUR,190.2,2025-04-11T09:18:34.167642+00:00,161.67
137,Bonds,51137177,JPY,25641.95,2025-03-29T09:18:34.167642+00:00,133.33814
137,Bonds,69580374,EUR,166.42,2025-04-07T09:18:34.167642+00:00,141.457
138,Crypto,68376726,EUR,282.81,2025-05-15T09:18:34.167642+00:00,240.3885
138,Equities,95565484,JPY,32719.47,2025-02-25T09:18:34.167642+00:00,170.141244
139,Bonds,14179623,USD,231.08,2025-02-25T09:18:34.167642+00:00,182.5532
139,Crypto,14670638,USD,133.4,2025-03-01T09:18:34.167642+00:00,105.38600000000001
140,Bonds,58607028,JPY,46787.21,2025-05-18T09:18:34.167642+00:00,243.293492
140,Equities,70387584,EUR,236.67,2025-05-13T09:18:34.167642+00:00,201.16949999999997
142,Equities,81062902,EUR,241.16,2025-02-28T09:18:34.167642+00:00,204.986
142,Crypto,43502308,GBP,153.89,2025-04-29T09:18:34.167642+00:00,153.89
142,Commodities,79490594,JPY,45925.02,2025-05-07T09:18:34.167642+00:00,238.81010399999997
143,Bonds,44935501,JPY,19433.13,2025-03-05T09:18:34.167642+00:00,101.052276
143,Real Estate,75927774,USD,140.33,2025-05-13T09:18:34.167642+00:00,110.86070000000001
143,Crypto,33173544,JPY,31956.2,2025-02-24T09:18:34.167642+00:00,166.17224
144,Bonds,99635939,EUR,294.9,2025-03-13T09:18:34.167642+00:00,250.66499999999996
144,Crypto,48971765,EUR,319.36,2025-02-21T09:18:34.167642+00:00,271.456
144,Crypto,95590648,USD,336.32,2025-03-18T09:18:34.167642+00:00,265.69280000000003
145,Equities,26288992,USD,224.01,2025-04-22T09:18:34.167642+00:00,176.96790000000001
145,Crypto,13527782,EUR,178.71,2025-04-05T09:18:34.167642+00:00,151.9035
145,Crypto,84040798,USD,201.49,2025-05-11T09:18:34.167642+00:00,159.17710000000002
145,Equities,51512297,JPY,31993.52,2025-03-22T09:18:34.167642+00:00,166.36630399999999
146,Crypto,65135987,JPY,43760.15,2025-05-13T09:18:34.167642+00:00,227.55277999999998
147,Equities,52550733,GBP,145.0,2025-02-24T09:18:34.167642+00:00,145.0
147,Commodities,56239991,USD,234.75,2025-03-13T09:18:34.167642+00:00,185.45250000000001
148,Crypto,88891300,USD,331.46,2025-05-06T09:18:34.167642+00:00,261.8534
148,Real Estate,77493234,GBP,274.71,2025-03-17T09:18:34.167642+00:00,274.71
149,Equities,50818905,USD,145.25,2025-02-21T09:18:34.167642+00:00,114.7475
150,Real Estate,56442431,AUD,525.84,2025-05-12T09:18:34.167642+00:00,273.4368
150,Crypto,36347197,AUD,353.66,2025-03-03T09:18:34.167642+00:00,183.90320000000003
151,Bonds,92467167,AUD,202.28,2025-03-01T09:18:34.167642+00:00,105.18560000000001
151,Equities,89431184,AUD,213.53,2025-02-27T09:18:34.167642+00:00,111.0356
152,Crypto,85647532,GBP,273.79,2025-05-19T09:18:34.167642+00:00,273.79
152,Equities,16101779,AUD,350.94,2025-04-26T09:18:34.167642+00:00,182.4888
152,Crypto,92961108,GBP,224.71,2025-03-03T09:18:34.167642+00:00,224.71
152,Commodities,48879071,EUR,255.81,2025-02-24T09:18:34.167642+00:00,217.4385
153,Real Estate,49920898,JPY,17167.57,2025-05-15T09:18:34.167642+00:00,89.27136399999999
153,Bonds,69002851,JPY,23748.02,2025-04-26T09:18:34.167642+00:00,123.489704
153,Bonds,91424562,USD,164.07,2025-04-12T09:18:34.167642+00:00,129.6153
154,Crypto,56354851,JPY,27138.39,2025-04-05T09:18:34.167642+00:00,141.11962799999998
155,Crypto,85383550,GBP,131.91,2025-03-24T09:18:34.167642+00:00,131.91
155,Cash,45899440,JPY,19966.7,2025-05-10T09:18:34.167642+00:00,103.82684
155,Cash,48951595,JPY,29826.62,2025-03-30T09:18:34.167642+00:00,155.098424
155,Equities,31434525,EUR,222.38,2025-04-12T09:18:34.167642+00:00,189.023
156,Equities,31386576,JPY,47903.27,2025-03-24T09:18:34.167642+00:00,249.09700399999997
156,Real Estate,51411602,JPY,24556.23,2025-04-02T09:18:34.167642+00:00,127.69239599999999
156,Crypto,71368457,USD,227.84,2025-04-07T09:18:34.167642+00:00,179.99360000000001
156,Cash,16783418,EUR,257.87,2025-02-28T09:18:34.167642+00:00,219.1895
157,Commodities,73161098,EUR,176.72,2025-05-09T09:18:34.167642+00:00,150.212
157,Real Estate,27976443,EUR,198.66,2025-04-01T09:18:34.167642+00:00,168.861
157,Bonds,16072331,JPY,16818.52,2025-03-12T09:18:34.167642+00:00,87.456304
157,Equities,58657117,AUD,238.39,2025-04-03T09:18:34.167642+00:00,123.9628
158,Crypto,70445541,AUD,355.12,2025-03-04T09:18:34.167642+00:00,184.66240000000002
158,Commodities,92012822,GBP,169.3,2025-05-10T09:18:34.167642+00:00,169.3
159,Crypto,60089832,EUR,179.15,2025-04-06T09:18:34.167642+00:00,152.2775
159,Bonds,36717096,AUD,279.19,2025-03-19T09:18:34.167642+00:00,145.1788
160,Cash,16080513,GBP,170.56,2025-04-10T09:18:34.167642+00:00,170.56
160,Real Estate,79703656,JPY,27574.58,2025-03-18T09:18:34.167642+00:00,143.38781600000002
161,Bonds,54018830,AUD,243.93,2025-04-02T09:18:34.167642+00:00,126.84360000000001
161,Commodities,50162553,AUD,247.23,2025-03-18T09:18:34.167642+00:00,128.5596
161,Crypto,75746104,AUD,240.46,2025-05-20T09:18:34.167642+00:00,125.03920000000001
161,Crypto,54458225,GBP,197.99,2025-03-09T09:18:34.167642+00:00,197.99
162,Crypto,94457912,GBP,239.54,2025-04-19T09:18:34.167642+00:00,239.54
162,Real Estate,16892773,AUD,410.82,2025-03-16T09:18:34.167642+00:00,213.6264
162,Crypto,29834119,USD,193.42,2025-02-22T09:18:34.167642+00:00,152.8018
162,Equities,35606639,GBP,216.16,2025-03-30T09:18:34.167642+00:00,216.16
163,Bonds,65426567,USD,176.3,2025-03-05T09:18:34.167642+00:00,139.27700000000002
163,Crypto,18359252,USD,189.84,2025-03-12T09:18:34.167642+00:00,149.9736
163,Bonds,98882576,JPY,24407.63,2025-04-12T09:18:34.167642+00:00,126.919676
163,Bonds,71694994,AUD,248.33,2025-04-07T09:18:34.167642+00:00,129.13160000000002
164,Crypto,96343485,EUR,277.74,2025-04-28T09:18:34.167642+00:00,236.079
164,Equities,47447604,AUD,360.33,2025-04-14T09:18:34.167642+00:00,187.3716
165,Bonds,37820354,JPY,21072.65,2025-04-08T09:18:34.167642+00:00,109.57778
166,Crypto,46702849,EUR,193.52,2025-02-25T09:18:34.167642+00:00,164.492
166,Crypto,60961690,JPY,43641.06,2025-05-04T09:18:34.167642+00:00,226.93351199999998
166,Bonds,15646068,EUR,337.29,2025-05-12T09:18:34.167642+00:00,286.6965
167,Bonds,69374716,EUR,200.94,2025-04-25T09:18:34.167642+00:00,170.799
168,Real Estate,82286705,EUR,333.45,2025-02-22T09:18:34.167642+00:00,283.4325
168,Crypto,28424464,GBP,242.35,2025-03-08T09:18:34.167642+00:00,242.35
168,Real Estate,42542167,GBP,250.48,2025-03-16T09:18:34.167642+00:00,250.48
168,Real Estate,95623471,USD,197.34,2025-03-31T09:18:34.167642+00:00,155.89860000000002
169,Bonds,73404979,GBP,168.12,2025-05-05T09:18:34.167642+00:00,168.12
169,Cash,83867070,USD,175.86,2025-03-23T09:18:34.167642+00:00,138.92940000000002
170,Crypto,97313825,USD,329.23,2025-04-16T09:18:34.167642+00:00,260.0917
170,Crypto,48307798,GBP,286.19,2025-05-11T09:18:34.167642+00:00,286.19
171,Commodities,41168067,AUD,321.66,2025-05-18T09:18:34.167642+00:00,167.2632
172,Bonds,66087572,USD,362.61,2025-05-18T09:18:34.167642+00:00,286.4619
172,Crypto,76489301,USD,363.11,2025-04-15T09:18:34.167642+00:00,286.8569
172,Cash,11243818,EUR,270.47,2025-05-09T09:18:34.167642+00:00,229.89950000000002
173,Bonds,48193218,JPY,31825.59,2025-03-14T09:18:34.167642+00:00,165.493068
173,Commodities,76291802,USD,231.38,2025-03-24T09:18:34.167642+00:00,182.7902
174,Equities,35878707,GBP,199.6,2025-03-25T09:18:34.167642+00:00,199.6
175,Commodities,44529507,USD,126.76,2025-04-09T09:18:34.167642+00:00,100.14040000000001
176,Bonds,86206305,USD,220.41,2025-03-02T09:18:34.167642+00:00,174.1239
176,Real Estate,67405358,AUD,368.5,2025-04-01T09:18:34.167642+00:00,191.62
177,Commodities,22802372,USD,247.71,2025-03-22T09:18:34.167642+00:00,195.69090000000003
177,Bonds,43292316,GBP,126.08,2025-04-22T09:18:34.167642+00:00,126.08
177,Real Estate,45835371,EUR,149.72,2025-03-10T09:18:34.167642+00:00,127.262
177,Cash,45105069,EUR,194.67,2025-05-15T09:18:34.167642+00:00,165.46949999999998
178,Commodities,25867870,JPY,31363.35,2025-04-01T09:18:34.167642+00:00,163.08942
178,Commodities,77447155,EUR,291.58,2025-03-02T09:18:34.167642+00:00,247.843
178,Bonds,59330907,AUD,338.79,2025-05-05T09:18:34.167642+00:00,176.1708
178,Real Estate,30560218,JPY,41945.64,2025-03-06T09:18:34.167642+00:00,218.117328
179,Crypto,65813853,AUD,353.87,2025-03-15T09:18:34.167642+00:00,184.0124
179,Real Estate,43214247,AUD,346.53,2025-05-12T09:18:34.167642+00:00,180.19559999999998
180,Crypto,69961498,AUD,472.8,2025-05-13T09:18:34.167642+00:00,245.85600000000002
180,Commodities,25060409,GBP,274.32,2025-03-19T09:18:34.167642+00:00,274.32
180,Real Estate,86866717,AUD,319.08,2025-04-11T09:18:34.167642+00:00,165.92159999999998
181,Crypto,69302835,GBP,168.03,2025-03-09T09:18:34.167642+00:00,168.03
181,Crypto,22205980,AUD,267.41,2025-05-15T09:18:34.167642+00:00,139.0532
181,Crypto,27709269,AUD,261.85,2025-03-11T09:18:34.167642+00:00,136.162
182,Cash,85000490,JPY,40146.43,2025-04-13T09:18:34.167642+00:00,208.761436
182,Cash,63143336,EUR,313.34,2025-04-25T09:18:34.167642+00:00,266.339
183,Equities,16078694,JPY,21512.46,2025-05-14T09:18:34.167642+00:00,111.864792
183,Commodities,18087373,GBP,198.61,2025-03-23T09:18:34.167642+00:00,198.61
183,Cash,48532662,JPY,18879.7,2025-05-05T09:18:34.167642+00:00,98.17444
184,Real Estate,60259293,JPY,34764.89,2025-04-04T09:18:34.167642+00:00,180.777428
184,Real Estate,20770971,AUD,314.4,2025-04-08T09:18:34.167642+00:00,163.488
184,Equities,33954324,AUD,386.57,2025-05-06T09:18:34.167642+00:00,201.0164
185,Real Estate,10466177,GBP,197.85,2025-03-24T09:18:34.167642+00:00,197.85
185,Crypto,66925500,AUD,255.17,2025-04-23T09:18:34.167642+00:00,132.6884
185,Real Estate,71824078,EUR,132.84,2025-04-28T09:18:34.167642+00:00,112.914
185,Equities,14324134,JPY,25838.77,2025-05-20T09:18:34.167642+00:00,134.361604
186,Equities,37659807,GBP,165.13,2025-05-18T09:18:34.167642+00:00,165.13
186,Real Estate,90233330,GBP,186.71,2025-05-17T09:18:34.167642+00:00,186.71
187,Crypto,68916591,USD,192.47,2025-05-15T09:18:34.167642+00:00,152.0513
187,Bonds,77631755,EUR,141.93,2025-03-10T09:18:34.167642+00:00,120.6405
188,Bonds,87507357,AUD,491.88,2025-04-11T09:18:34.167642+00:00,255.7776
188,Equities,50502136,USD,372.32,2025-03-17T09:18:34.167642+00:00,294.13280000000003
189,Equities,65507111,EUR,146.64,2025-03-12T09:18:34.167642+00:00,124.64399999999999
189,Crypto,33505978,JPY,24893.61,2025-05-16T09:18:34.167642+00:00,129.446772
190,Crypto,96344420,JPY,42859.31,2025-04-12T09:18:34.167642+00:00,222.86841199999998
190,Crypto,64795619,USD,243.73,2025-04-29T09:18:34.167642+00:00,192.5467
191,Crypto,73554620,USD,231.17,2025-04-14T09:18:34.167642+00:00,182.6243
191,Commodities,29374563,JPY,30635.86,2025-03-12T09:18:34.167642+00:00,159.30647199999999
191,Real Estate,65902739,AUD,283.05,2025-04-03T09:18:34.167642+00:00,147.186
192,Real Estate,44224936,USD,249.42,2025-05-12T09:18:34.167642+00:00,197.0418
192,Crypto,59805178,GBP,230.35,2025-04-28T09:18:34.167642+00:00,230.35
192,Cash,46032304,JPY,40168.13,2025-03-06T09:18:34.167642+00:00,208.87427599999998
193,Cash,19768947,USD,225.58,2025-03-08T09:18:34.167642+00:00,178.2082
193,Crypto,85007641,USD,184.92,2025-04-10T09:18:34.167642+00:00,146.0868
194,Equities,12058055,USD,363.22,2025-05-07T09:18:34.167642+00:00,286.9438
194,Crypto,42560305,AUD,472.8,2025-04-02T09:18:34.167642+00:00,245.85600000000002
194,Equities,84098828,EUR,306.28,2025-04-04T09:18:34.167642+00:00,260.33799999999997
194,Crypto,81625307,EUR,225.7,2025-04-06T09:18:34.167642+00:00,191.845
195,Crypto,76743428,JPY,17577.73,2025-03-23T09:18:34.167642+00:00,91.404196
195,Bonds,37263310,EUR,150.99,2025-05-17T09:18:34.167642+00:00,128.3415
196,Crypto,39698906,USD,190.54,2025-03-13T09:18:34.167642+00:00,150.5266
196,Crypto,87731247,JPY,31084.61,2025-04-27T09:18:34.167642+00:00,161.639972
197,Crypto,40872577,JPY,25116.63,2025-04-21T09:18:34.167642+00:00,130.606476
197,Crypto,83905989,EUR,144.59,2025-03-21T09:18:34.167642+00:00,122.9015
198,Commodities,96126771,JPY,35059.9,2025-04-07T09:18:34.167642+00:00,182.31148
199,Equities,28784915,AUD,275.34,2025-03-14T09:18:34.167642+00:00,143.1768
199,Commodities,17882882,AUD,191.26,2025-05-13T09:18:34.167642+00:00,99.4552
199,Commodities,16511491,GBP,141.24,2025-03-03T09:18:34.167642+00:00,141.24
200,Real Estate,19122502,USD,189.21,2025-03-19T09:18:34.167642+00:00,149.47590000000002
200,Crypto,60090149,GBP,242.68,2025-02-26T09:18:34.167642+00:00,242.68
200,Crypto,98487646,JPY,24377.56,2025-03-15T09:18:34.167642+00:00,126.763312
201,Crypto,65208920,GBP,101.67,2025-04-17T09:18:34.167642+00:00,101.67
201,Crypto,48478684,GBP,150.22,2025-02-22T09:18:34.167642+00:00,150.22
202,Crypto,34060788,GBP,287.71,2025-03-16T09:18:34.167642+00:00,287.71
202,Bonds,42342289,USD,303.71,2025-04-20T09:18:34.167642+00:00,239.9309
202,Crypto,45879718,JPY,25896.46,2025-04-01T09:18:34.167642+00:00,134.66159199999998
203,Crypto,85833309,USD,248.78,2025-04-24T09:18:34.167642+00:00,196.5362
203,Crypto,20820219,GBP,109.35,2025-04-04T09:18:34.167642+00:00,109.35
203,Crypto,84182331,JPY,16897.84,2025-05-21T09:18:34.167642+00:00,87.868768
204,Bonds,21097943,JPY,44287.92,2025-03-01T09:18:34.167642+00:00,230.297184
205,Crypto,85947990,GBP,189.48,2025-05-17T09:18:34.167642+00:00,189.48
205,Real Estate,38375916,AUD,272.97,2025-05-17T09:18:34.167642+00:00,141.94440000000003
206,Equities,47631028,AUD,433.87,2025-05-18T09:18:34.167642+00:00,225.6124
206,Bonds,52209421,GBP,294.22,2025-03-08T09:18:34.167642+00:00,294.22
206,Bonds,63458386,GBP,194.89,2025-03-11T09:18:34.167642+00:00,194.89
207,Real Estate,86060638,JPY,26832.56,2025-03-14T09:18:34.167642+00:00,139.529312
208,Crypto,61518966,USD,335.72,2025-02-23T09:18:34.167642+00:00,265.21880000000004
208,Equities,77215278,EUR,181.76,2025-03-28T09:18:34.167642+00:00,154.49599999999998
208,Real Estate,20202996,EUR,276.89,2025-03-05T09:18:34.167642+00:00,235.35649999999998
209,Crypto,63244581,EUR,118.41,2025-04-18T09:18:34.167642+00:00,100.6485
210,Crypto,75847681,USD,254.21,2025-04-04T09:18:34.167642+00:00,200.82590000000002
210,Crypto,34929311,AUD,460.84,2025-05-12T09:18:34.167642+00:00,239.6368
210,Crypto,43077929,GBP,162.31,2025-05-03T09:18:34.167642+00:00,162.31
210,Crypto,95080736,USD,326.19,2025-04-12T09:18:34.167642+00:00,257.69010000000003
211,Crypto,24301022,GBP,100.52,2025-04-13T09:18:34.167642+00:00,100.52
211,Crypto,58307308,EUR,126.76,2025-05-11T09:18:34.167642+00:00,107.746
212,Bonds,67845091,JPY,37367.64,2025-03-18T09:18:34.167642+00:00,194.311728
213,Real Estate,23863742,GBP,108.96,2025-03-13T09:18:34.167642+00:00,108.96
213,Equities,90117857,AUD,330.12,2025-04-03T09:18:34.167642+00:00,171.66240000000002
213,Cash,49171088,JPY,22204.79,2025-05-12T09:18:34.167642+00:00,115.464908
213,Commodities,85099723,USD,196.5,2025-05-01T09:18:34.167642+00:00,155.235
214,Crypto,61100987,USD,213.53,2025-04-14T09:18:34.167642+00:00,168.6887
214,Equities,76185975,USD,199.36,2025-03-28T09:18:34.167642+00:00,157.4944
215,Crypto,66519399,EUR,170.69,2025-05-13T09:18:34.167642+00:00,145.0865
215,Crypto,43782566,USD,215.11,2025-03-20T09:18:34.167642+00:00,169.9369
216,Real Estate,71453148,GBP,170.32,2025-05-22T09:18:34.167642+00:00,170.32
216,Crypto,54589439,AUD,382.92,2025-04-10T09:18:34.167642+00:00,199.1184
216,Crypto,54927535,JPY,43571.41,2025-02-28T09:18:34.167642+00:00,226.571332
217,Bonds,50323741,EUR,184.37,2025-02-23T09:18:34.167642+00:00,156.7145
217,Real Estate,74291599,EUR,135.43,2025-04-02T09:18:34.167642+00:00,115.1155
217,Crypto,49117508,JPY,31484.21,2025-04-21T09:18:34.167642+00:00,163.71789199999998
217,Crypto,60473288,EUR,208.9,2025-04-02T09:18:34.167642+00:00,177.565
218,Crypto,25285764,AUD,332.94,2025-03-14T09:18:34.167642+00:00,173.1288
219,Bonds,83833059,GBP,195.3,2025-03-24T09:18:34.167642+00:00,195.3
219,Crypto,38138531,JPY,28762.97,2025-02-23T09:18:34.167642+00:00,149.567444
219,Equities,64914054,JPY,18226.87,2025-04-14T09:18:34.167642+00:00,94.77972399999999
220,Real Estate,43914361,USD,321.61,2025-04-04T09:18:34.167642+00:00,254.07190000000003
220,Equities,70272714,AUD,410.49,2025-04-01T09:18:34.179401+00:00,213.4548
220,Commodities,77996397,JPY,37047.48,2025-04-06T09:18:34.179401+00:00,192.646896
221,Commodities,89701163,GBP,110.94,2025-04-21T09:18:34.179401+00:00,110.94
221,Crypto,32325574,AUD,193.19,2025-03-01T09:18:34.179401+00:00,100.4588
221,Crypto,54506155,JPY,17695.11,2025-05-10T09:18:34.179401+00:00,92.014572
221,Crypto,39796480,AUD,323.17,2025-03-12T09:18:34.179401+00:00,168.04840000000002
222,Real Estate,69831384,EUR,239.97,2025-02-25T09:18:34.179401+00:00,203.9745
222,Commodities,30232642,EUR,344.6,2025-03-22T09:18:34.179401+00:00,292.91
223,Bonds,49652241,JPY,30728.76,2025-05-12T09:18:34.179401+00:00,159.789552
223,Bonds,29015320,EUR,150.87,2025-03-25T09:18:34.179401+00:00,128.2395
224,Equities,79942848,JPY,32359.21,2025-05-10T09:18:34.179401+00:00,168.267892
224,Crypto,70726434,EUR,184.09,2025-05-17T09:18:34.179401+00:00,156.4765
225,Commodities,25446483,GBP,184.92,2025-03-01T09:18:34.179401+00:00,184.92
225,Equities,32059232,USD,189.5,2025-03-13T09:18:34.179401+00:00,149.705
225,Bonds,54424679,AUD,263.88,2025-03-24T09:18:34.179401+00:00,137.2176
226,Real Estate,64364546,USD,222.45,2025-02-27T09:18:34.179401+00:00,175.7355
227,Crypto,63094168,GBP,173.74,2025-04-27T09:18:34.179401+00:00,173.74
228,Crypto,89484162,JPY,33332.06,2025-02-21T09:18:34.179401+00:00,173.326712
228,Real Estate,37619925,EUR,302.28,2025-05-14T09:18:34.179401+00:00,256.938
228,Equities,82060023,USD,256.09,2025-04-27T09:18:34.179401+00:00,202.31109999999998
229,Crypto,25294777,EUR,192.13,2025-03-21T09:18:34.179401+00:00,163.3105
229,Commodities,95779702,EUR,183.65,2025-03-05T09:18:34.179401+00:00,156.1025
229,Crypto,88786439,GBP,134.79,2025-03-25T09:18:34.179401+00:00,134.79
230,Crypto,33156250,EUR,330.97,2025-03-08T09:18:34.179401+00:00,281.3245
231,Equities,27978165,EUR,128.55,2025-04-13T09:18:34.179401+00:00,109.26750000000001
232,Bonds,34567819,EUR,292.12,2025-03-18T09:18:34.179401+00:00,248.302
232,Crypto,66135102,AUD,315.76,2025-04-03T09:18:34.179401+00:00,164.1952
232,Crypto,34931439,JPY,39252.04,2025-02-23T09:18:34.179401+00:00,204.11060799999998
233,Crypto,33251181,AUD,215.87,2025-04-16T09:18:34.179401+00:00,112.25240000000001
233,Bonds,35111946,EUR,211.83,2025-03-04T09:18:34.179401+00:00,180.0555
233,Cash,58189421,GBP,148.46,2025-04-28T09:18:34.179401+00:00,148.46
233,Real Estate,85374270,AUD,305.82,2025-03-31T09:18:34.179401+00:00,159.0264
233,Crypto,75998330,JPY,27362.28,2025-03-27T09:18:34.179401+00:00,142.283856
234,Bonds,32448383,GBP,234.81,2025-04-24T09:18:34.179401+00:00,234.81
234,Equities,14388260,EUR,211.29,2025-04-16T09:18:34.179401+00:00,179.5965
234,Equities,71380637,AUD,483.55,2025-03-20T09:18:34.179401+00:00,251.44600000000003
235,Crypto,78559218,GBP,157.27,2025-04-18T09:18:34.179401+00:00,157.27
235,Crypto,59239353,AUD,337.18,2025-05-17T09:18:34.179401+00:00,175.33360000000002
235,Commodities,69239219,AUD,225.43,2025-03-29T09:18:34.179401+00:00,117.2236
236,Bonds,97734330,USD,243.32,2025-05-18T09:18:34.179401+00:00,192.2228
236,Crypto,45274462,EUR,321.23,2025-05-11T09:18:34.179401+00:00,273.0455
237,Crypto,25755285,USD,151.23,2025-03-08T09:18:34.179401+00:00,119.4717
237,Commodities,57060874,AUD,302.06,2025-05-01T09:18:34.179401+00:00,157.0712
237,Crypto,28687800,USD,226.69,2025-05-15T09:18:34.179401+00:00,179.0851
238,Crypto,57085656,AUD,355.5,2025-03-15T09:18:34.179401+00:00,184.86
238,Bonds,53440052,EUR,222.41,2025-04-18T09:18:34.179401+00:00,189.0485
239,Crypto,22780905,USD,245.35,2025-03-31T09:18:34.179401+00:00,193.8265
239,Cash,47221734,USD,212.68,2025-05-06T09:18:34.179401+00:00,168.0172
240,Crypto,29628462,EUR,315.41,2025-02-25T09:18:34.179401+00:00,268.0985
240,Crypto,75694038,USD,295.77,2025-04-18T09:18:34.179401+00:00,233.6583
241,Crypto,65596350,JPY,23231.87,2025-03-02T09:18:34.179401+00:00,120.80572399999998
241,Equities,64069715,AUD,323.71,2025-02-23T09:18:34.179401+00:00,168.3292
242,Bonds,71028216,JPY,31854.94,2025-05-22T09:18:34.179401+00:00,165.64568799999998
242,Commodities,22501261,JPY,39236.17,2025-02-22T09:18:34.179401+00:00,204.02808399999998
242,Bonds,18500100,AUD,387.87,2025-03-29T09:18:34.179401+00:00,201.69240000000002
243,Bonds,76399516,EUR,152.13,2025-04-16T09:18:34.179401+00:00,129.3105
243,Crypto,83458776,AUD,209.16,2025-03-21T09:18:34.179401+00:00,108.7632
243,Crypto,16497381,GBP,109.96,2025-03-25T09:18:34.179401+00:00,109.96
243,Cash,26674831,USD,180.16,2025-05-22T09:18:34.179401+00:00,142.3264
244,Crypto,37154689,USD,352.9,2025-04-14T09:18:34.179401+00:00,278.791
244,Bonds,46778269,GBP,248.19,2025-04-20T09:18:34.179401+00:00,248.19
244,Equities,59908025,USD,197.21,2025-03-03T09:18:34.179401+00:00,155.79590000000002
245,Equities,41426254,JPY,26487.76,2025-02-21T09:18:34.179401+00:00,137.73635199999998
245,Equities,10145801,USD,184.6,2025-05-06T09:18:34.179401+00:00,145.834
246,Crypto,79718627,JPY,24222.89,2025-02-22T09:18:34.179401+00:00,125.95902799999999
246,Crypto,26185823,JPY,40656.74,2025-03-22T09:18:34.179401+00:00,211.41504799999998
247,Equities,40728728,JPY,17429.3,2025-05-09T09:18:34.179401+00:00,90.63235999999999
248,Equities,52057323,EUR,324.47,2025-05-05T09:18:34.179401+00:00,275.7995
248,Real Estate,27870584,USD,200.33,2025-03-11T09:18:34.179401+00:00,158.2607
248,Cash,91915661,USD,270.02,2025-04-25T09:18:34.179401+00:00,213.3158
249,Crypto,30317091,JPY,25857.22,2025-03-27T09:18:34.179401+00:00,134.457544
249,Equities,21635070,GBP,114.0,2025-05-07T09:18:34.179401+00:00,114.0
249,Crypto,61543890,EUR,225.77,2025-04-12T09:18:34.179401+00:00,191.9045
250,Bonds,43257324,EUR,283.7,2025-04-21T09:18:34.179401+00:00,241.14499999999998
250,Commodities,90664728,AUD,477.63,2025-04-16T09:18:34.179401+00:00,248.3676
251,Cash,98369672,EUR,138.63,2025-03-06T09:18:34.179401+00:00,117.8355
251,Commodities,35319707,JPY,20728.67,2025-05-16T09:18:34.179401+00:00,107.78908399999999
251,Real Estate,76422705,JPY,17803.9,2025-03-20T09:18:34.179401+00:00,92.58028
251,Equities,80905413,GBP,198.69,2025-04-12T09:18:34.179401+00:00,198.69
251,Bonds,61920550,AUD,262.86,2025-03-14T09:18:34.179401+00:00,136.68720000000002
252,Crypto,33188838,JPY,46906.87,2025-05-13T09:18:34.179401+00:00,243.915724
252,Cash,88834594,GBP,152.07,2025-04-25T09:18:34.181408+00:00,152.07
252,Cash,18115992,JPY,36158.65,2025-03-03T09:18:34.181408+00:00,188.02498
253,Commodities,77249653,JPY,22777.2,2025-04-01T09:18:34.181408+00:00,118.44144
253,Equities,95971459,AUD,284.47,2025-05-03T09:18:34.181408+00:00,147.92440000000002
253,Bonds,21220209,EUR,124.09,2025-04-26T09:18:34.181408+00:00,105.4765
254,Equities,81993070,EUR,239.9,2025-03-02T09:18:34.181408+00:00,203.915
254,Crypto,96322745,GBP,196.53,2025-03-28T09:18:34.181408+00:00,196.53
255,Real Estate,17772004,USD,135.78,2025-03-28T09:18:34.181408+00:00,107.26620000000001
255,Equities,70850538,AUD,297.63,2025-04-13T09:18:34.181408+00:00,154.76760000000002
255,Bonds,26031369,GBP,170.79,2025-02-22T09:18:34.181408+00:00,170.79
255,Cash,31989243,JPY,31248.26,2025-03-17T09:18:34.181408+00:00,162.490952
256,Crypto,44795538,USD,257.23,2025-04-18T09:18:34.181408+00:00,203.21170000000004
256,Crypto,25845304,GBP,200.25,2025-03-29T09:18:34.181408+00:00,200.25
256,Crypto,80310522,GBP,189.44,2025-03-10T09:18:34.181408+00:00,189.44
257,Equities,76591799,JPY,24172.51,2025-05-15T09:18:34.181408+00:00,125.69705199999999
258,Crypto,86086168,USD,256.44,2025-04-20T09:18:34.181408+00:00,202.5876
258,Equities,87029205,GBP,184.26,2025-03-18T09:18:34.181408+00:00,184.26
258,Cash,15910667,GBP,186.68,2025-03-23T09:18:34.181408+00:00,186.68
259,Crypto,61402634,USD,147.37,2025-05-18T09:18:34.181408+00:00,116.4223
259,Commodities,98007006,JPY,19592.25,2025-04-21T09:18:34.181408+00:00,101.8797
260,Crypto,52940967,EUR,314.98,2025-03-10T09:18:34.181408+00:00,267.733
260,Crypto,26025721,AUD,464.35,2025-05-16T09:18:34.181408+00:00,241.46200000000002
260,Bonds,39955391,AUD,549.84,2025-04-01T09:18:34.181408+00:00,285.9168
260,Equities,72423883,EUR,305.93,2025-04-13T09:18:34.181408+00:00,260.0405
261,Crypto,21594468,AUD,269.5,2025-04-05T09:18:34.181408+00:00,140.14000000000001
261,Real Estate,49137230,AUD,330.13,2025-03-04T09:18:34.181408+00:00,171.6676
261,Real Estate,72267186,EUR,183.04,2025-03-20T09:18:34.181408+00:00,155.584
261,Commodities,36229153,AUD,325.69,2025-04-21T09:18:34.181408+00:00,169.3588
262,Bonds,10856024,JPY,24573.85,2025-03-14T09:18:34.181408+00:00,127.78401999999998
262,Crypto,95354668,GBP,292.65,2025-05-22T09:18:34.181408+00:00,292.65
263,Crypto,60502752,EUR,126.95,2025-03-16T09:18:34.181408+00:00,107.9075
263,Bonds,66346728,JPY,31378.96,2025-05-04T09:18:34.181408+00:00,163.170592
263,Commodities,47557512,GBP,104.39,2025-04-23T09:18:34.181408+00:00,104.39
264,Crypto,59995026,JPY,47389.31,2025-05-12T09:18:34.181408+00:00,246.424412
264,Equities,77837366,USD,306.98,2025-04-02T09:18:34.181408+00:00,242.51420000000002
264,Equities,89442904,AUD,294.78,2025-02-27T09:18:34.181408+00:00,153.2856
265,Bonds,41778964,EUR,145.01,2025-04-12T09:18:34.181408+00:00,123.25849999999998
265,Crypto,53788744,EUR,167.07,2025-04-23T09:18:34.181408+00:00,142.0095
265,Equities,37207628,USD,222.49,2025-03-09T09:18:34.181408+00:00,175.76710000000003
266,Equities,30858851,GBP,174.66,2025-03-24T09:18:34.181408+00:00,174.66
266,Crypto,64561191,GBP,230.39,2025-04-26T09:18:34.181408+00:00,230.39
266,Crypto,51380361,JPY,30360.19,2025-05-07T09:18:34.181408+00:00,157.872988
267,Equities,31154777,EUR,210.03,2025-02-22T09:18:34.181408+00:00,178.5255
267,Cash,38859601,EUR,132.06,2025-04-21T09:18:34.181408+00:00,112.251
268,Crypto,63183031,AUD,291.08,2025-04-14T09:18:34.181408+00:00,151.3616
268,Crypto,33336132,GBP,292.81,2025-03-26T09:18:34.181408+00:00,292.81
269,Commodities,83835976,USD,136.84,2025-05-09T09:18:34.181408+00:00,108.10360000000001
269,Bonds,26301180,GBP,106.17,2025-04-24T09:18:34.181408+00:00,106.17
269,Bonds,36592965,JPY,21955.84,2025-03-03T09:18:34.181408+00:00,114.170368
269,Equities,88158177,AUD,232.88,2025-05-13T09:18:34.181408+00:00,121.0976
270,Cash,18653290,USD,356.72,2025-03-27T09:18:34.181408+00:00,281.8088
270,Bonds,22345163,EUR,193.64,2025-03-24T09:18:34.181408+00:00,164.594
271,Cash,32547129,AUD,265.13,2025-04-02T09:18:34.181408+00:00,137.8676
271,Crypto,13957046,JPY,26931.41,2025-04-30T09:18:34.181408+00:00,140.043332
272,Crypto,38818707,USD,239.06,2025-03-26T09:18:34.181408+00:00,188.8574
272,Bonds,14650569,AUD,449.32,2025-04-21T09:18:34.181408+00:00,233.6464
273,Crypto,49608344,JPY,22591.88,2025-03-13T09:18:34.181408+00:00,117.477776
273,Crypto,18184472,GBP,127.98,2025-05-05T09:18:34.181408+00:00,127.98
273,Real Estate,36770773,AUD,231.09,2025-03-14T09:18:34.181408+00:00,120.16680000000001
274,Cash,61338023,EUR,255.25,2025-03-21T09:18:34.181408+00:00,216.9625
274,Crypto,85920407,AUD,366.75,2025-04-18T09:18:34.181408+00:00,190.71
274,Bonds,13498112,EUR,275.5,2025-05-19T09:18:34.181408+00:00,234.17499999999998
274,Crypto,17863981,JPY,36706.38,2025-03-09T09:18:34.182896+00:00,190.87317599999997
274,Crypto,31424479,GBP,187.18,2025-04-22T09:18:34.182896+00:00,187.18
275,Crypto,81630600,GBP,176.4,2025-04-24T09:18:34.182896+00:00,176.4
276,Crypto,57621071,USD,220.52,2025-03-08T09:18:34.182896+00:00,174.2108
276,Crypto,58155056,AUD,285.33,2025-02-22T09:18:34.182896+00:00,148.3716
276,Crypto,86188876,AUD,316.93,2025-04-28T09:18:34.182896+00:00,164.80360000000002
277,Commodities,76065552,AUD,242.17,2025-03-21T09:18:34.182896+00:00,125.9284
277,Cash,22114140,GBP,123.26,2025-04-24T09:18:34.182896+00:00,123.26
277,Cash,80658723,JPY,16010.94,2025-03-05T09:18:34.182896+00:00,83.256888
277,Real Estate,27514010,EUR,197.45,2025-04-11T09:18:34.182896+00:00,167.83249999999998
278,Cash,12941099,USD,297.49,2025-05-04T09:18:34.182896+00:00,235.01710000000003
278,Equities,80638102,EUR,338.2,2025-04-05T09:18:34.182896+00:00,287.46999999999997
279,Crypto,88653825,GBP,133.66,2025-04-11T09:18:34.182896+00:00,133.66
279,Bonds,31139813,JPY,28669.48,2025-03-21T09:18:34.182896+00:00,149.08129599999998
279,Crypto,33381086,AUD,313.31,2025-03-05T09:18:34.182896+00:00,162.9212
280,Crypto,39962391,AUD,503.51,2025-04-04T09:18:34.182896+00:00,261.8252
281,Crypto,49529438,USD,147.21,2025-05-22T09:18:34.182896+00:00,116.29590000000002
281,Crypto,86884584,JPY,29612.11,2025-03-11T09:18:34.182896+00:00,153.982972
281,Cash,34438599,AUD,243.87,2025-03-05T09:18:34.182896+00:00,126.81240000000001
282,Real Estate,95851936,AUD,306.39,2025-03-20T09:18:34.182896+00:00,159.3228
282,Bonds,54448673,GBP,185.7,2025-04-12T09:18:34.182896+00:00,185.7
283,Bonds,95387542,GBP,182.17,2025-02-26T09:18:34.182896+00:00,182.17
283,Crypto,55063530,JPY,16182.33,2025-04-26T09:18:34.182896+00:00,84.148116
283,Bonds,19099261,EUR,144.52,2025-05-09T09:18:34.182896+00:00,122.842
284,Cash,16462242,JPY,34517.28,2025-03-30T09:18:34.182896+00:00,179.48985599999997
284,Bonds,65568711,JPY,45162.5,2025-04-08T09:18:34.182896+00:00,234.845
284,Crypto,23613510,JPY,42929.52,2025-03-10T09:18:34.182896+00:00,223.23350399999998
284,Crypto,31831387,JPY,25769.03,2025-05-18T09:18:34.182896+00:00,133.998956
285,Crypto,12694823,EUR,145.03,2025-05-09T09:18:34.182896+00:00,123.2755
285,Equities,55876720,USD,235.99,2025-05-02T09:18:34.182896+00:00,186.43210000000002
285,Crypto,20066654,AUD,359.24,2025-05-11T09:18:34.182896+00:00,186.8048
285,Crypto,89729429,AUD,350.25,2025-02-21T09:18:34.182896+00:00,182.13
285,Cash,67891237,USD,200.91,2025-03-28T09:18:34.182896+00:00,158.7189
286,Bonds,17188130,GBP,199.66,2025-04-28T09:18:34.182896+00:00,199.66
286,Crypto,84371711,AUD,351.11,2025-04-16T09:18:34.182896+00:00,182.5772
287,Crypto,41883191,GBP,104.96,2025-03-10T09:18:34.182896+00:00,104.96
287,Commodities,75893962,USD,131.81,2025-05-22T09:18:34.182896+00:00,104.1299
287,Crypto,21761279,EUR,209.75,2025-03-03T09:18:34.182896+00:00,178.2875
288,Crypto,36799898,GBP,153.86,2025-05-01T09:18:34.182896+00:00,153.86
288,Crypto,20997276,JPY,44250.46,2025-04-13T09:18:34.182896+00:00,230.10239199999998
288,Crypto,73209094,JPY,45477.06,2025-04-19T09:18:34.182896+00:00,236.48071199999998
289,Equities,96149847,AUD,256.69,2025-04-05T09:18:34.182896+00:00,133.4788
289,Crypto,59580252,USD,180.72,2025-04-19T09:18:34.182896+00:00,142.7688
290,Crypto,72419022,EUR,211.53,2025-04-18T09:18:34.182896+00:00,179.8005
290,Cash,30284415,GBP,162.86,2025-04-08T09:18:34.182896+00:00,162.86
290,Commodities,65564347,AUD,340.63,2025-05-15T09:18:34.182896+00:00,177.1276
291,Crypto,80139805,JPY,31450.04,2025-02-24T09:18:34.182896+00:00,163.540208
291,Crypto,86868410,USD,184.53,2025-05-12T09:18:34.182896+00:00,145.77870000000001
292,Crypto,14661179,AUD,436.01,2025-03-17T09:18:34.182896+00:00,226.7252
292,Commodities,86703472,AUD,318.42,2025-03-26T09:18:34.182896+00:00,165.57840000000002
292,Bonds,32436477,USD,339.09,2025-05-06T09:18:34.182896+00:00,267.8811
293,Cash,66824417,GBP,198.83,2025-03-28T09:18:34.182896+00:00,198.83
293,Bonds,94184877,USD,229.26,2025-04-19T09:18:34.182896+00:00,181.1154
293,Bonds,18994192,GBP,138.81,2025-04-02T09:18:34.182896+00:00,138.81
293,Crypto,53771998,EUR,174.76,2025-05-21T09:18:34.182896+00:00,148.546
294,Commodities,93625419,AUD,422.51,2025-03-30T09:18:34.182896+00:00,219.7052
295,Equities,65625517,USD,143.52,2025-03-08T09:18:34.182896+00:00,113.38080000000001
295,Equities,24178065,AUD,329.22,2025-04-16T09:18:34.182896+00:00,171.19440000000003
295,Commodities,56153339,JPY,20226.19,2025-02-28T09:18:34.182896+00:00,105.17618799999998
295,Crypto,86775659,AUD,272.51,2025-04-30T09:18:34.184962+00:00,141.7052
296,Crypto,64086249,USD,303.42,2025-02-24T09:18:34.184962+00:00,239.70180000000002
296,Crypto,15205303,JPY,45349.78,2025-04-10T09:18:34.184962+00:00,235.81885599999998
296,Real Estate,16615722,JPY,46100.04,2025-04-05T09:18:34.184962+00:00,239.72020799999999
296,Cash,55347617,EUR,226.14,2025-03-21T09:18:34.184962+00:00,192.219
297,Equities,40595926,USD,162.56,2025-03-27T09:18:34.184962+00:00,128.4224
297,Crypto,46160937,JPY,25679.67,2025-05-11T09:18:34.184962+00:00,133.53428399999999
298,Real Estate,69286198,USD,358.77,2025-03-31T09:18:34.184962+00:00,283.4283
299,Crypto,79323646,EUR,209.42,2025-03-18T09:18:34.184962+00:00,178.00699999999998
299,Bonds,18806960,EUR,196.6,2025-04-01T09:18:34.184962+00:00,167.10999999999999
300,Bonds,80368504,AUD,285.53,2025-04-28T09:18:34.184962+00:00,148.4756
300,Bonds,17734634,USD,193.7,2025-05-16T09:18:34.184962+00:00,153.023
300,Bonds,36724061,EUR,236.04,2025-03-24T09:18:34.184962+00:00,200.634
300,Commodities,63276690,GBP,252.18,2025-04-22T09:18:34.184962+00:00,252.18
