_id,asset_allocation,asset_allocation_id,asset_currency,asset_value,created
1,Equities,39958838,USD,217.06,2025-02-25T09:18:34.158728+00:00
1,Commodities,83197857,GBP,159.05,2025-05-18T09:18:34.162165+00:00
2,Cash,22575562,USD,231.12,2025-03-06T09:18:34.162165+00:00
2,Cash,85329037,USD,321.75,2025-02-22T09:18:34.163356+00:00
3,Crypto,66306997,USD,181.15,2025-04-17T09:18:34.163356+00:00
3,Commodities,10872248,USD,212.27,2025-04-09T09:18:34.163356+00:00
4,Equities,30868105,USD,366.98,2025-04-09T09:18:34.163356+00:00
4,Equities,22448136,JPY,26321.19,2025-04-08T09:18:34.163356+00:00
4,Equities,15831819,JPY,36869.47,2025-04-04T09:18:34.163356+00:00
4,Equities,84093639,EUR,315.57,2025-03-04T09:18:34.163356+00:00
5,Bonds,87490893,USD,213.07,2025-05-17T09:18:34.163356+00:00
6,Commodities,40587988,EUR,342.45,2025-04-23T09:18:34.163356+00:00
7,Cash,61019678,EUR,167.14,2025-04-06T09:18:34.163356+00:00
7,Equities,59684848,EUR,139.09,2025-04-18T09:18:34.163356+00:00
7,Commodities,96977837,GBP,160.91,2025-05-01T09:18:34.163356+00:00
7,Crypto,42857966,USD,182.78,2025-04-18T09:18:34.163356+00:00
8,Crypto,39476249,EUR,317.89,2025-05-15T09:18:34.163356+00:00
8,Real Estate,14308421,EUR,241.7,2025-05-14T09:18:34.163356+00:00
9,Equities,86125617,EUR,139.45,2025-03-20T09:18:34.163356+00:00
9,Real Estate,96282117,JPY,18285.95,2025-05-05T09:18:34.163356+00:00
10,Equities,85345555,AUD,350.41,2025-03-09T09:18:34.163356+00:00
10,Real Estate,88320463,JPY,32687.91,2025-05-05T09:18:34.163356+00:00
10,Crypto,76238574,GBP,263.37,2025-05-08T09:18:34.163356+00:00
10,Equities,94214382,USD,336.01,2025-03-29T09:18:34.163356+00:00
11,Crypto,18526544,JPY,22105.91,2025-03-24T09:18:34.163356+00:00
11,Crypto,43744231,AUD,344.24,2025-05-21T09:18:34.163356+00:00
12,Equities,82070937,EUR,305.08,2025-04-09T09:18:34.163356+00:00
12,Equities,49392920,JPY,27795.79,2025-05-22T09:18:34.163356+00:00
12,Crypto,77187530,USD,282.69,2025-05-09T09:18:34.163356+00:00
12,Crypto,95758349,AUD,446.49,2025-05-03T09:18:34.163356+00:00
14,Bonds,31682744,AUD,542.1,2025-03-16T09:18:34.163356+00:00
14,Cash,90388981,EUR,256.78,2025-05-08T09:18:34.163356+00:00
15,Crypto,51273847,USD,132.24,2025-03-11T09:18:34.164617+00:00
16,Cash,21496211,JPY,43584.56,2025-03-15T09:18:34.164617+00:00
16,Equities,27232410,JPY,46724.37,2025-05-01T09:18:34.164617+00:00
16,Bonds,80823176,AUD,394.92,2025-04-25T09:18:34.164617+00:00
16,Crypto,36998038,EUR,241.33,2025-02-26T09:18:34.164617+00:00
16,Commodities,60119651,JPY,45590.74,2025-03-26T09:18:34.164617+00:00
17,Equities,43273328,USD,133.0,2025-05-20T09:18:34.164617+00:00
17,Commodities,84346088,USD,198.56,2025-05-22T09:18:34.164617+00:00
18,Cash,94705205,GBP,184.34,2025-05-18T09:18:34.164617+00:00
18,Bonds,19510312,AUD,343.55,2025-02-26T09:18:34.164617+00:00
18,Real Estate,38754377,AUD,314.22,2025-03-10T09:18:34.164617+00:00
19,Crypto,73440831,USD,223.08,2025-03-31T09:18:34.164617+00:00
19,Equities,22660194,GBP,165.9,2025-04-07T09:18:34.164617+00:00
19,Real Estate,65177213,JPY,29821.39,2025-05-16T09:18:34.164617+00:00
20,Crypto,97705310,GBP,159.09,2025-04-09T09:18:34.164617+00:00
20,Commodities,24665841,USD,223.42,2025-03-15T09:18:34.164617+00:00
20,Crypto,28814949,JPY,28403.71,2025-03-24T09:18:34.164617+00:00
20,Real Estate,20117988,JPY,43392.53,2025-03-13T09:18:34.164617+00:00
21,Equities,16789850,AUD,339.67,2025-05-11T09:18:34.164617+00:00
21,Real Estate,32321899,JPY,23770.26,2025-04-25T09:18:34.164617+00:00
21,Crypto,17869910,USD,172.37,2025-04-03T09:18:34.164617+00:00
21,Crypto,71070189,EUR,163.65,2025-03-12T09:18:34.164617+00:00
22,Crypto,75319931,USD,223.11,2025-04-25T09:18:34.164617+00:00
22,Cash,87736262,AUD,294.42,2025-04-12T09:18:34.164617+00:00
22,Cash,16729990,AUD,409.81,2025-03-16T09:18:34.164617+00:00
23,Bonds,17634247,AUD,199.82,2025-04-29T09:18:34.164617+00:00
23,Equities,89864260,GBP,167.52,2025-04-22T09:18:34.164617+00:00
24,Real Estate,26090908,AUD,345.82,2025-03-07T09:18:34.164617+00:00
24,Cash,93131979,GBP,212.88,2025-03-09T09:18:34.164617+00:00
24,Crypto,80166708,EUR,333.74,2025-04-26T09:18:34.164617+00:00
25,Crypto,42035886,EUR,160.52,2025-02-26T09:18:34.165961+00:00
25,Crypto,71367643,EUR,221.84,2025-05-13T09:18:34.165961+00:00
26,Cash,71510041,AUD,554.57,2025-05-10T09:18:34.165961+00:00
26,Equities,82160068,USD,282.35,2025-05-06T09:18:34.165961+00:00
26,Crypto,19233013,USD,256.79,2025-05-02T09:18:34.165961+00:00
26,Crypto,82909480,EUR,278.01,2025-02-28T09:18:34.165961+00:00
26,Crypto,11049999,AUD,360.58,2025-02-27T09:18:34.165961+00:00
27,Equities,28024248,EUR,128.27,2025-05-09T09:18:34.165961+00:00
27,Commodities,30863865,EUR,147.4,2025-04-26T09:18:34.165961+00:00
27,Crypto,37326368,EUR,173.12,2025-04-20T09:18:34.165961+00:00
28,Cash,22388090,JPY,43904.35,2025-05-17T09:18:34.165961+00:00
28,Cash,54769200,USD,306.96,2025-04-19T09:18:34.165961+00:00
29,Bonds,69302158,AUD,315.55,2025-03-12T09:18:34.165961+00:00
29,Cash,25015458,GBP,194.51,2025-02-23T09:18:34.165961+00:00
29,Bonds,83227889,GBP,183.46,2025-03-09T09:18:34.165961+00:00
30,Commodities,29876811,JPY,27058.69,2025-04-13T09:18:34.165961+00:00
31,Bonds,15354599,EUR,139.16,2025-04-21T09:18:34.165961+00:00
31,Equities,57469942,AUD,348.56,2025-03-31T09:18:34.165961+00:00
32,Bonds,41774346,USD,370.54,2025-04-30T09:18:34.165961+00:00
32,Crypto,13326769,USD,325.61,2025-04-10T09:18:34.165961+00:00
32,Crypto,99913412,USD,237.53,2025-02-22T09:18:34.165961+00:00
32,Bonds,61343880,GBP,278.79,2025-04-24T09:18:34.165961+00:00
32,Real Estate,71780854,EUR,225.15,2025-04-23T09:18:34.165961+00:00
33,Bonds,13176186,USD,174.81,2025-04-17T09:18:34.165961+00:00
33,Equities,47463522,EUR,188.77,2025-04-01T09:18:34.165961+00:00
34,Crypto,13704481,GBP,281.56,2025-04-19T09:18:34.165961+00:00
35,Bonds,87925434,EUR,119.4,2025-03-07T09:18:34.165961+00:00
35,Real Estate,56397338,EUR,165.19,2025-03-18T09:18:34.165961+00:00
35,Equities,61700055,AUD,220.16,2025-05-17T09:18:34.165961+00:00
36,Real Estate,10226999,AUD,534.35,2025-03-15T09:18:34.165961+00:00
36,Bonds,58884978,JPY,25679.37,2025-02-26T09:18:34.165961+00:00
36,Bonds,93638503,EUR,286.93,2025-05-07T09:18:34.165961+00:00
36,Bonds,78064830,EUR,287.54,2025-04-11T09:18:34.165961+00:00
37,Real Estate,49682169,AUD,208.55,2025-03-30T09:18:34.165961+00:00
37,Crypto,60888017,USD,201.94,2025-04-14T09:18:34.165961+00:00
37,Real Estate,83542887,GBP,130.39,2025-04-26T09:18:34.165961+00:00
38,Real Estate,87844239,AUD,459.18,2025-03-24T09:18:34.165961+00:00
38,Crypto,69345683,USD,283.35,2025-05-01T09:18:34.165961+00:00
39,Equities,48089166,AUD,307.81,2025-03-04T09:18:34.165961+00:00
39,Bonds,22534217,USD,209.1,2025-04-24T09:18:34.165961+00:00
40,Equities,29777514,GBP,156.93,2025-03-23T09:18:34.165961+00:00
41,Equities,71124923,JPY,30178.19,2025-03-10T09:18:34.165961+00:00
41,Equities,61536717,JPY,22394.45,2025-05-04T09:18:34.165961+00:00
41,Cash,24305904,JPY,19501.46,2025-02-22T09:18:34.165961+00:00
41,Commodities,72350830,GBP,155.74,2025-05-07T09:18:34.165961+00:00
42,Crypto,27896471,JPY,40021.87,2025-03-12T09:18:34.167642+00:00
42,Crypto,69401199,AUD,503.66,2025-03-19T09:18:34.167642+00:00
43,Bonds,83534128,JPY,30355.33,2025-03-23T09:18:34.167642+00:00
43,Bonds,44788100,USD,229.98,2025-04-17T09:18:34.167642+00:00
44,Commodities,75041510,USD,238.99,2025-05-13T09:18:34.167642+00:00
44,Equities,41473195,EUR,230.43,2025-03-14T09:18:34.167642+00:00
44,Equities,28572252,USD,230.86,2025-02-23T09:18:34.167642+00:00
44,Equities,38716269,GBP,212.23,2025-04-10T09:18:34.167642+00:00
45,Commodities,72535301,JPY,16996.25,2025-03-30T09:18:34.167642+00:00
45,Real Estate,88393811,GBP,185.67,2025-03-10T09:18:34.167642+00:00
45,Real Estate,74019136,GBP,194.27,2025-04-14T09:18:34.167642+00:00
46,Commodities,62343121,JPY,36917.29,2025-03-14T09:18:34.167642+00:00
46,Commodities,90967191,USD,279.04,2025-04-18T09:18:34.167642+00:00
46,Real Estate,75181765,GBP,208.33,2025-02-26T09:18:34.167642+00:00
47,Real Estate,32151928,JPY,30712.67,2025-03-04T09:18:34.167642+00:00
47,Commodities,13619375,JPY,25470.28,2025-02-27T09:18:34.167642+00:00
47,Cash,21267237,JPY,18171.19,2025-03-24T09:18:34.167642+00:00
47,Equities,16749089,EUR,158.6,2025-04-25T09:18:34.167642+00:00
47,Crypto,53868501,EUR,202.54,2025-04-04T09:18:34.167642+00:00
48,Equities,66581473,EUR,316.52,2025-03-23T09:18:34.167642+00:00
48,Cash,82399599,GBP,299.99,2025-04-08T09:18:34.167642+00:00
49,Equities,97260863,GBP,178.12,2025-02-28T09:18:34.167642+00:00
49,Cash,14164775,USD,149.92,2025-05-20T09:18:34.167642+00:00
49,Equities,42016960,USD,184.2,2025-05-08T09:18:34.167642+00:00
50,Commodities,39254705,JPY,40787.16,2025-04-05T09:18:34.167642+00:00
50,Bonds,91321540,AUD,544.94,2025-05-08T09:18:34.167642+00:00
51,Equities,51746937,GBP,157.87,2025-04-13T09:18:34.167642+00:00
51,Crypto,60372847,JPY,31063.53,2025-04-27T09:18:34.167642+00:00
51,Cash,89470029,USD,137.74,2025-04-14T09:18:34.167642+00:00
52,Equities,85958181,GBP,202.08,2025-03-29T09:18:34.167642+00:00
52,Crypto,19255216,AUD,457.19,2025-05-21T09:18:34.167642+00:00
52,Crypto,75793759,GBP,215.03,2025-04-06T09:18:34.167642+00:00
52,Crypto,30534124,JPY,28227.29,2025-03-17T09:18:34.167642+00:00
53,Bonds,92666356,AUD,328.31,2025-03-24T09:18:34.167642+00:00
53,Real Estate,89520597,EUR,152.07,2025-04-21T09:18:34.167642+00:00
53,Equities,47437115,JPY,19901.82,2025-03-24T09:18:34.167642+00:00
54,Real Estate,55150390,GBP,224.15,2025-04-11T09:18:34.167642+00:00
54,Equities,75437844,USD,254.03,2025-04-19T09:18:34.167642+00:00
54,Bonds,47535126,AUD,472.08,2025-04-17T09:18:34.167642+00:00
55,Crypto,11362459,AUD,360.39,2025-05-12T09:18:34.167642+00:00
55,Equities,64549859,JPY,24882.82,2025-04-22T09:18:34.167642+00:00
55,Commodities,73900135,JPY,23170.79,2025-05-20T09:18:34.167642+00:00
55,Cash,49491631,USD,175.55,2025-04-21T09:18:34.167642+00:00
56,Bonds,99115205,AUD,379.9,2025-03-13T09:18:34.167642+00:00
56,Crypto,56138336,JPY,47919.16,2025-03-13T09:18:34.167642+00:00
57,Crypto,57219209,JPY,20334.66,2025-04-20T09:18:34.167642+00:00
57,Real Estate,26194158,USD,164.44,2025-03-15T09:18:34.167642+00:00
59,Commodities,34850391,USD,152.05,2025-03-22T09:18:34.167642+00:00
60,Crypto,89133014,AUD,443.11,2025-05-10T09:18:34.167642+00:00
61,Equities,49761527,USD,170.11,2025-04-14T09:18:34.167642+00:00
61,Cash,81690398,USD,159.29,2025-05-16T09:18:34.167642+00:00
61,Crypto,49209916,USD,204.73,2025-03-21T09:18:34.167642+00:00
61,Cash,11646234,AUD,237.6,2025-03-22T09:18:34.167642+00:00
61,Real Estate,55728776,USD,245.69,2025-04-20T09:18:34.167642+00:00
62,Crypto,25312516,GBP,210.11,2025-05-13T09:18:34.167642+00:00
63,Cash,30364454,USD,226.39,2025-04-14T09:18:34.167642+00:00
63,Equities,43311626,GBP,155.81,2025-03-30T09:18:34.167642+00:00
64,Equities,80138498,JPY,34812.35,2025-03-27T09:18:34.167642+00:00
64,Equities,88990506,JPY,31329.13,2025-03-04T09:18:34.167642+00:00
65,Cash,91823275,GBP,194.76,2025-04-26T09:18:34.167642+00:00
65,Real Estate,45520201,GBP,115.71,2025-04-30T09:18:34.167642+00:00
65,Crypto,20075036,USD,125.33,2025-03-26T09:18:34.167642+00:00
66,Commodities,89699989,JPY,30990.22,2025-04-23T09:18:34.167642+00:00
66,Bonds,47945817,JPY,25708.31,2025-04-23T09:18:34.167642+00:00
66,Bonds,93893865,AUD,460.98,2025-04-27T09:18:34.167642+00:00
67,Crypto,25405014,AUD,226.59,2025-05-03T09:18:34.167642+00:00
67,Crypto,29090631,GBP,105.96,2025-04-13T09:18:34.167642+00:00
67,Commodities,86397676,EUR,165.5,2025-03-24T09:18:34.167642+00:00
68,Commodities,50814428,JPY,46624.23,2025-03-19T09:18:34.167642+00:00
68,Crypto,76276072,JPY,25930.6,2025-05-17T09:18:34.167642+00:00
69,Real Estate,53261270,AUD,231.32,2025-05-11T09:18:34.167642+00:00
69,Equities,87201917,AUD,360.9,2025-02-25T09:18:34.167642+00:00
70,Bonds,87342561,GBP,264.47,2025-04-30T09:18:34.167642+00:00
70,Real Estate,79654147,JPY,45985.75,2025-04-29T09:18:34.167642+00:00
70,Crypto,68503492,JPY,47257.33,2025-03-23T09:18:34.167642+00:00
71,Bonds,64807553,EUR,151.92,2025-05-09T09:18:34.167642+00:00
71,Equities,54265498,JPY,27098.78,2025-04-16T09:18:34.167642+00:00
72,Crypto,83832717,GBP,218.22,2025-04-12T09:18:34.167642+00:00
72,Crypto,53389073,GBP,295.53,2025-04-01T09:18:34.167642+00:00
72,Commodities,10154493,AUD,405.7,2025-05-16T09:18:34.167642+00:00
72,Real Estate,79583757,EUR,279.9,2025-03-20T09:18:34.167642+00:00
73,Crypto,69329732,GBP,120.36,2025-03-13T09:18:34.167642+00:00
73,Bonds,48658617,JPY,30093.55,2025-03-21T09:18:34.167642+00:00
73,Equities,13874790,AUD,332.87,2025-02-21T09:18:34.167642+00:00
74,Equities,51708177,AUD,281.29,2025-03-31T09:18:34.167642+00:00
74,Equities,40158811,GBP,219.22,2025-05-07T09:18:34.167642+00:00
74,Equities,76890827,EUR,260.28,2025-04-18T09:18:34.167642+00:00
75,Crypto,74759996,JPY,19899.69,2025-03-13T09:18:34.167642+00:00
75,Bonds,61484043,USD,240.23,2025-03-18T09:18:34.167642+00:00
76,Commodities,28321839,GBP,191.44,2025-03-30T09:18:34.167642+00:00
76,Bonds,78147397,EUR,314.04,2025-04-16T09:18:34.167642+00:00
76,Commodities,50071487,AUD,438.43,2025-02-27T09:18:34.167642+00:00
76,Real Estate,29944139,JPY,36925.93,2025-04-08T09:18:34.167642+00:00
77,Crypto,84077101,AUD,254.78,2025-04-11T09:18:34.167642+00:00
77,Real Estate,42051937,AUD,255.85,2025-03-31T09:18:34.167642+00:00
77,Cash,52704903,JPY,27283.65,2025-04-04T09:18:34.167642+00:00
78,Crypto,99078806,USD,280.37,2025-05-18T09:18:34.167642+00:00
79,Bonds,77416376,AUD,246.42,2025-05-10T09:18:34.167642+00:00
79,Crypto,23383077,AUD,353.43,2025-05-21T09:18:34.167642+00:00
79,Bonds,65026398,USD,134.35,2025-04-19T09:18:34.167642+00:00
80,Crypto,93652460,JPY,39596.08,2025-04-10T09:18:34.167642+00:00
81,Crypto,61003997,EUR,187.08,2025-03-21T09:18:34.167642+00:00
81,Crypto,14818295,AUD,197.66,2025-03-03T09:18:34.167642+00:00
82,Crypto,40532691,GBP,215.1,2025-05-10T09:18:34.167642+00:00
82,Equities,69549527,USD,317.63,2025-05-19T09:18:34.167642+00:00
82,Cash,53536830,GBP,194.01,2025-04-05T09:18:34.167642+00:00
83,Real Estate,29538047,USD,191.4,2025-03-11T09:18:34.167642+00:00
83,Bonds,32814819,USD,134.87,2025-04-04T09:18:34.167642+00:00
83,Bonds,76795767,AUD,211.48,2025-03-24T09:18:34.167642+00:00
83,Bonds,71682508,EUR,191.69,2025-03-24T09:18:34.167642+00:00
84,Equities,83363160,USD,201.35,2025-04-08T09:18:34.167642+00:00
84,Equities,95756900,JPY,40567.52,2025-03-25T09:18:34.167642+00:00
84,Equities,36738452,JPY,44480.05,2025-05-09T09:18:34.167642+00:00
85,Real Estate,61185849,AUD,251.41,2025-04-15T09:18:34.167642+00:00
85,Crypto,12944682,JPY,20391.69,2025-03-11T09:18:34.167642+00:00
85,Cash,91390501,JPY,29325.42,2025-04-16T09:18:34.167642+00:00
86,Equities,91478884,EUR,210.28,2025-04-28T09:18:34.167642+00:00
86,Crypto,43638559,USD,305.3,2025-03-03T09:18:34.167642+00:00
86,Commodities,15291208,EUR,308.54,2025-05-18T09:18:34.167642+00:00
86,Crypto,58970845,USD,204.4,2025-04-15T09:18:34.167642+00:00
87,Crypto,65767881,USD,150.1,2025-03-14T09:18:34.167642+00:00
87,Crypto,81249799,AUD,354.0,2025-05-01T09:18:34.167642+00:00
87,Crypto,74672520,EUR,200.85,2025-04-09T09:18:34.167642+00:00
88,Cash,72858374,GBP,171.11,2025-04-24T09:18:34.167642+00:00
88,Commodities,63339667,AUD,379.0,2025-04-02T09:18:34.167642+00:00
88,Cash,45495029,AUD,311.8,2025-04-05T09:18:34.167642+00:00
88,Commodities,45186708,AUD,383.23,2025-03-02T09:18:34.167642+00:00
88,Bonds,24541967,USD,275.9,2025-03-04T09:18:34.167642+00:00
89,Crypto,54024257,AUD,225.95,2025-05-14T09:18:34.167642+00:00
89,Commodities,72312933,EUR,189.66,2025-05-08T09:18:34.167642+00:00
89,Equities,16086345,GBP,130.44,2025-03-20T09:18:34.167642+00:00
90,Cash,23044889,USD,353.86,2025-05-05T09:18:34.167642+00:00
91,Real Estate,70887034,EUR,192.11,2025-02-22T09:18:34.167642+00:00
91,Crypto,66254240,AUD,322.32,2025-05-03T09:18:34.167642+00:00
91,Real Estate,97902129,GBP,183.37,2025-03-05T09:18:34.167642+00:00
92,Crypto,47546086,GBP,253.54,2025-04-25T09:18:34.167642+00:00
92,Crypto,69686067,USD,347.9,2025-05-10T09:18:34.167642+00:00
92,Crypto,83076970,EUR,182.94,2025-04-17T09:18:34.167642+00:00
93,Bonds,26395999,JPY,17466.77,2025-04-25T09:18:34.167642+00:00
93,Cash,16788532,EUR,143.01,2025-05-06T09:18:34.167642+00:00
93,Bonds,19208698,AUD,223.32,2025-04-25T09:18:34.167642+00:00
93,Bonds,54098516,USD,223.58,2025-03-07T09:18:34.167642+00:00
94,Cash,47215199,USD,372.66,2025-03-14T09:18:34.167642+00:00
94,Equities,33420607,GBP,249.16,2025-05-19T09:18:34.167642+00:00
94,Equities,11994519,EUR,308.77,2025-04-22T09:18:34.167642+00:00
95,Crypto,53455870,GBP,117.42,2025-05-16T09:18:34.167642+00:00
95,Equities,66500369,AUD,206.03,2025-05-14T09:18:34.167642+00:00
96,Real Estate,70166480,EUR,261.03,2025-05-09T09:18:34.167642+00:00
97,Real Estate,77624084,USD,243.18,2025-05-17T09:18:34.167642+00:00
97,Commodities,98436473,AUD,240.8,2025-03-01T09:18:34.167642+00:00
98,Cash,18163847,JPY,44335.17,2025-03-29T09:18:34.167642+00:00
98,Equities,75802771,JPY,25763.78,2025-05-12T09:18:34.167642+00:00
99,Bonds,91644298,USD,133.21,2025-04-17T09:18:34.167642+00:00
99,Crypto,94970119,AUD,286.45,2025-04-11T09:18:34.167642+00:00
100,Real Estate,90180577,AUD,359.33,2025-03-19T09:18:34.167642+00:00
100,Crypto,67740376,GBP,268.96,2025-05-08T09:18:34.167642+00:00
100,Commodities,97364555,AUD,477.53,2025-04-25T09:18:34.167642+00:00
101,Real Estate,70606674,USD,176.73,2025-03-25T09:18:34.167642+00:00
101,Real Estate,65833185,GBP,131.25,2025-04-12T09:18:34.167642+00:00
101,Commodities,44210729,EUR,224.66,2025-02-24T09:18:34.167642+00:00
101,Real Estate,19010480,GBP,183.18,2025-05-11T09:18:34.167642+00:00
102,Crypto,22960658,EUR,312.53,2025-03-12T09:18:34.167642+00:00
102,Cash,88714010,AUD,433.37,2025-02-26T09:18:34.167642+00:00
102,Equities,65137801,EUR,323.2,2025-03-29T09:18:34.167642+00:00
103,Cash,48604965,AUD,242.8,2025-05-09T09:18:34.167642+00:00
104,Commodities,38553319,USD,310.64,2025-04-24T09:18:34.167642+00:00
104,Equities,56991504,AUD,379.5,2025-04-17T09:18:34.167642+00:00
104,Equities,67594492,AUD,547.94,2025-03-04T09:18:34.167642+00:00
105,Crypto,96261621,AUD,189.86,2025-02-27T09:18:34.167642+00:00
105,Commodities,45896226,GBP,118.04,2025-02-22T09:18:34.167642+00:00
105,Bonds,55610493,EUR,115.7,2025-05-04T09:18:34.167642+00:00
105,Crypto,98227303,JPY,17113.37,2025-03-02T09:18:34.167642+00:00
106,Cash,22315507,AUD,337.2,2025-03-30T09:18:34.167642+00:00
106,Real Estate,55754284,USD,256.88,2025-04-11T09:18:34.167642+00:00
107,Crypto,90023800,GBP,188.33,2025-05-03T09:18:34.167642+00:00
107,Equities,92924837,GBP,167.4,2025-04-18T09:18:34.167642+00:00
107,Real Estate,98843907,JPY,23770.59,2025-03-27T09:18:34.167642+00:00
108,Crypto,46663833,USD,329.05,2025-05-08T09:18:34.167642+00:00
108,Crypto,67702031,GBP,192.49,2025-02-25T09:18:34.167642+00:00
108,Commodities,75314742,AUD,462.63,2025-05-17T09:18:34.167642+00:00
109,Real Estate,63051354,AUD,195.13,2025-04-26T09:18:34.167642+00:00
109,Crypto,38351344,USD,220.52,2025-04-15T09:18:34.167642+00:00
110,Bonds,26104026,GBP,224.61,2025-03-28T09:18:34.167642+00:00
110,Equities,27339011,JPY,36781.98,2025-04-23T09:18:34.167642+00:00
110,Crypto,84990607,EUR,184.93,2025-05-17T09:18:34.167642+00:00
111,Real Estate,12515446,JPY,30738.6,2025-04-12T09:18:34.167642+00:00
112,Crypto,86960402,JPY,41027.98,2025-03-30T09:18:34.167642+00:00
112,Crypto,25458308,JPY,24500.56,2025-04-11T09:18:34.167642+00:00
112,Bonds,92963368,JPY,43968.62,2025-04-06T09:18:34.167642+00:00
113,Equities,68614462,GBP,124.33,2025-03-08T09:18:34.167642+00:00
113,Real Estate,80325062,GBP,139.58,2025-04-13T09:18:34.167642+00:00
114,Crypto,55568701,USD,249.95,2025-05-01T09:18:34.167642+00:00
114,Equities,78515906,GBP,229.59,2025-04-28T09:18:34.167642+00:00
114,Commodities,56892354,EUR,297.97,2025-03-01T09:18:34.167642+00:00
115,Equities,41711468,GBP,114.64,2025-04-27T09:18:34.167642+00:00
115,Equities,90852623,USD,220.03,2025-02-28T09:18:34.167642+00:00
115,Cash,33776150,JPY,23423.25,2025-03-11T09:18:34.167642+00:00
116,Crypto,70251043,AUD,455.93,2025-03-04T09:18:34.167642+00:00
116,Bonds,94183695,EUR,198.54,2025-05-14T09:18:34.167642+00:00
117,Real Estate,69352161,EUR,206.58,2025-03-08T09:18:34.167642+00:00
117,Cash,57236885,AUD,198.73,2025-03-24T09:18:34.167642+00:00
117,Real Estate,15047559,GBP,136.87,2025-04-16T09:18:34.167642+00:00
117,Cash,96525668,GBP,161.5,2025-03-19T09:18:34.167642+00:00
118,Crypto,72104107,AUD,431.32,2025-05-17T09:18:34.167642+00:00
118,Crypto,86726461,USD,247.79,2025-03-23T09:18:34.167642+00:00
119,Crypto,30248230,GBP,145.05,2025-04-09T09:18:34.167642+00:00
119,Commodities,21318464,AUD,304.53,2025-05-17T09:18:34.167642+00:00
119,Equities,68754920,JPY,24385.1,2025-03-05T09:18:34.167642+00:00
120,Bonds,58841557,EUR,330.84,2025-04-03T09:18:34.167642+00:00
120,Crypto,55414869,AUD,292.03,2025-03-03T09:18:34.167642+00:00
120,Crypto,18846539,EUR,188.8,2025-02-25T09:18:34.167642+00:00
121,Crypto,48137561,EUR,198.23,2025-02-27T09:18:34.167642+00:00
122,Bonds,54743095,GBP,237.41,2025-05-04T09:18:34.167642+00:00
123,Bonds,51638598,JPY,18063.23,2025-02-21T09:18:34.167642+00:00
124,Equities,51551377,AUD,382.03,2025-04-10T09:18:34.167642+00:00
124,Equities,99941500,AUD,303.43,2025-02-26T09:18:34.167642+00:00
124,Real Estate,78248169,EUR,175.64,2025-04-13T09:18:34.167642+00:00
124,Equities,38748452,EUR,335.97,2025-03-21T09:18:34.167642+00:00
125,Real Estate,40406092,USD,144.37,2025-04-15T09:18:34.167642+00:00
125,Equities,78140959,AUD,339.5,2025-03-16T09:18:34.167642+00:00
126,Cash,98842638,EUR,323.68,2025-03-04T09:18:34.167642+00:00
126,Bonds,90161060,JPY,27702.07,2025-04-29T09:18:34.167642+00:00
126,Bonds,68743530,GBP,211.63,2025-02-25T09:18:34.167642+00:00
126,Real Estate,69619341,AUD,356.57,2025-03-26T09:18:34.167642+00:00
126,Real Estate,81673763,USD,245.53,2025-03-23T09:18:34.167642+00:00
127,Real Estate,59370777,AUD,367.12,2025-03-24T09:18:34.167642+00:00
127,Crypto,61254050,AUD,282.58,2025-05-02T09:18:34.167642+00:00
128,Real Estate,91156554,USD,351.19,2025-05-16T09:18:34.167642+00:00
128,Crypto,59823245,AUD,536.77,2025-03-17T09:18:34.167642+00:00
128,Equities,48260510,GBP,264.47,2025-04-18T09:18:34.167642+00:00
129,Crypto,78901038,USD,228.88,2025-05-11T09:18:34.167642+00:00
129,Real Estate,70549373,EUR,222.0,2025-03-30T09:18:34.167642+00:00
129,Cash,63211150,AUD,254.18,2025-04-03T09:18:34.167642+00:00
129,Equities,60319927,USD,128.52,2025-05-10T09:18:34.167642+00:00
130,Bonds,29602406,USD,194.68,2025-03-23T09:18:34.167642+00:00
130,Bonds,72962895,JPY,38768.36,2025-05-12T09:18:34.167642+00:00
130,Cash,44349528,USD,344.06,2025-03-13T09:18:34.167642+00:00
130,Commodities,66808292,GBP,266.43,2025-04-22T09:18:34.167642+00:00
130,Bonds,26354208,GBP,185.77,2025-03-02T09:18:34.167642+00:00
131,Commodities,93592219,JPY,17004.91,2025-03-20T09:18:34.167642+00:00
131,Crypto,81947921,GBP,163.2,2025-03-10T09:18:34.167642+00:00
131,Bonds,29270557,EUR,164.36,2025-03-05T09:18:34.167642+00:00
131,Bonds,42287985,AUD,262.07,2025-02-26T09:18:34.167642+00:00
131,Crypto,21490910,AUD,365.31,2025-05-14T09:18:34.167642+00:00
132,Crypto,83025444,AUD,495.73,2025-03-19T09:18:34.167642+00:00
132,Crypto,12729224,JPY,44959.95,2025-05-17T09:18:34.167642+00:00
132,Crypto,61926331,EUR,216.25,2025-05-20T09:18:34.167642+00:00
132,Bonds,19067690,EUR,214.09,2025-02-27T09:18:34.167642+00:00
133,Equities,88101741,EUR,130.34,2025-04-07T09:18:34.167642+00:00
133,Commodities,55439043,USD,228.8,2025-02-24T09:18:34.167642+00:00
133,Crypto,74227366,USD,226.44,2025-05-14T09:18:34.167642+00:00
133,Crypto,14963880,EUR,138.18,2025-04-27T09:18:34.167642+00:00
134,Cash,52358553,EUR,261.4,2025-03-14T09:18:34.167642+00:00
134,Bonds,43999198,GBP,262.99,2025-04-28T09:18:34.167642+00:00
134,Equities,57912262,GBP,279.87,2025-04-10T09:18:34.167642+00:00
135,Bonds,26706752,EUR,165.25,2025-04-01T09:18:34.167642+00:00
135,Crypto,61894582,EUR,226.98,2025-03-20T09:18:34.167642+00:00
135,Crypto,59304469,AUD,234.34,2025-05-12T09:18:34.167642+00:00
136,Crypto,66975380,GBP,214.59,2025-04-29T09:18:34.167642+00:00
136,Crypto,49428661,EUR,190.2,2025-04-11T09:18:34.167642+00:00
137,Bonds,51137177,JPY,25641.95,2025-03-29T09:18:34.167642+00:00
137,Bonds,69580374,EUR,166.42,2025-04-07T09:18:34.167642+00:00
138,Crypto,68376726,EUR,282.81,2025-05-15T09:18:34.167642+00:00
138,Equities,95565484,JPY,32719.47,2025-02-25T09:18:34.167642+00:00
139,Bonds,14179623,USD,231.08,2025-02-25T09:18:34.167642+00:00
139,Crypto,14670638,USD,133.4,2025-03-01T09:18:34.167642+00:00
140,Bonds,58607028,JPY,46787.21,2025-05-18T09:18:34.167642+00:00
140,Equities,70387584,EUR,236.67,2025-05-13T09:18:34.167642+00:00
142,Equities,81062902,EUR,241.16,2025-02-28T09:18:34.167642+00:00
142,Crypto,43502308,GBP,153.89,2025-04-29T09:18:34.167642+00:00
142,Commodities,79490594,JPY,45925.02,2025-05-07T09:18:34.167642+00:00
143,Bonds,44935501,JPY,19433.13,2025-03-05T09:18:34.167642+00:00
143,Real Estate,75927774,USD,140.33,2025-05-13T09:18:34.167642+00:00
143,Crypto,33173544,JPY,31956.2,2025-02-24T09:18:34.167642+00:00
144,Bonds,99635939,EUR,294.9,2025-03-13T09:18:34.167642+00:00
144,Crypto,48971765,EUR,319.36,2025-02-21T09:18:34.167642+00:00
144,Crypto,95590648,USD,336.32,2025-03-18T09:18:34.167642+00:00
145,Equities,26288992,USD,224.01,2025-04-22T09:18:34.167642+00:00
145,Crypto,13527782,EUR,178.71,2025-04-05T09:18:34.167642+00:00
145,Crypto,84040798,USD,201.49,2025-05-11T09:18:34.167642+00:00
145,Equities,51512297,JPY,31993.52,2025-03-22T09:18:34.167642+00:00
146,Crypto,65135987,JPY,43760.15,2025-05-13T09:18:34.167642+00:00
147,Equities,52550733,GBP,145.0,2025-02-24T09:18:34.167642+00:00
147,Commodities,56239991,USD,234.75,2025-03-13T09:18:34.167642+00:00
148,Crypto,88891300,USD,331.46,2025-05-06T09:18:34.167642+00:00
148,Real Estate,77493234,GBP,274.71,2025-03-17T09:18:34.167642+00:00
149,Equities,50818905,USD,145.25,2025-02-21T09:18:34.167642+00:00
150,Real Estate,56442431,AUD,525.84,2025-05-12T09:18:34.167642+00:00
150,Crypto,36347197,AUD,353.66,2025-03-03T09:18:34.167642+00:00
151,Bonds,92467167,AUD,202.28,2025-03-01T09:18:34.167642+00:00
151,Equities,89431184,AUD,213.53,2025-02-27T09:18:34.167642+00:00
152,Crypto,85647532,GBP,273.79,2025-05-19T09:18:34.167642+00:00
152,Equities,16101779,AUD,350.94,2025-04-26T09:18:34.167642+00:00
152,Crypto,92961108,GBP,224.71,2025-03-03T09:18:34.167642+00:00
152,Commodities,48879071,EUR,255.81,2025-02-24T09:18:34.167642+00:00
153,Real Estate,49920898,JPY,17167.57,2025-05-15T09:18:34.167642+00:00
153,Bonds,69002851,JPY,23748.02,2025-04-26T09:18:34.167642+00:00
153,Bonds,91424562,USD,164.07,2025-04-12T09:18:34.167642+00:00
154,Crypto,56354851,JPY,27138.39,2025-04-05T09:18:34.167642+00:00
155,Crypto,85383550,GBP,131.91,2025-03-24T09:18:34.167642+00:00
155,Cash,45899440,JPY,19966.7,2025-05-10T09:18:34.167642+00:00
155,Cash,48951595,JPY,29826.62,2025-03-30T09:18:34.167642+00:00
155,Equities,31434525,EUR,222.38,2025-04-12T09:18:34.167642+00:00
156,Equities,31386576,JPY,47903.27,2025-03-24T09:18:34.167642+00:00
156,Real Estate,51411602,JPY,24556.23,2025-04-02T09:18:34.167642+00:00
156,Crypto,71368457,USD,227.84,2025-04-07T09:18:34.167642+00:00
156,Cash,16783418,EUR,257.87,2025-02-28T09:18:34.167642+00:00
157,Commodities,73161098,EUR,176.72,2025-05-09T09:18:34.167642+00:00
157,Real Estate,27976443,EUR,198.66,2025-04-01T09:18:34.167642+00:00
157,Bonds,16072331,JPY,16818.52,2025-03-12T09:18:34.167642+00:00
157,Equities,58657117,AUD,238.39,2025-04-03T09:18:34.167642+00:00
158,Crypto,70445541,AUD,355.12,2025-03-04T09:18:34.167642+00:00
158,Commodities,92012822,GBP,169.3,2025-05-10T09:18:34.167642+00:00
159,Crypto,60089832,EUR,179.15,2025-04-06T09:18:34.167642+00:00
159,Bonds,36717096,AUD,279.19,2025-03-19T09:18:34.167642+00:00
160,Cash,16080513,GBP,170.56,2025-04-10T09:18:34.167642+00:00
160,Real Estate,79703656,JPY,27574.58,2025-03-18T09:18:34.167642+00:00
161,Bonds,54018830,AUD,243.93,2025-04-02T09:18:34.167642+00:00
161,Commodities,50162553,AUD,247.23,2025-03-18T09:18:34.167642+00:00
161,Crypto,75746104,AUD,240.46,2025-05-20T09:18:34.167642+00:00
161,Crypto,54458225,GBP,197.99,2025-03-09T09:18:34.167642+00:00
162,Crypto,94457912,GBP,239.54,2025-04-19T09:18:34.167642+00:00
162,Real Estate,16892773,AUD,410.82,2025-03-16T09:18:34.167642+00:00
162,Crypto,29834119,USD,193.42,2025-02-22T09:18:34.167642+00:00
162,Equities,35606639,GBP,216.16,2025-03-30T09:18:34.167642+00:00
163,Bonds,65426567,USD,176.3,2025-03-05T09:18:34.167642+00:00
163,Crypto,18359252,USD,189.84,2025-03-12T09:18:34.167642+00:00
163,Bonds,98882576,JPY,24407.63,2025-04-12T09:18:34.167642+00:00
163,Bonds,71694994,AUD,248.33,2025-04-07T09:18:34.167642+00:00
164,Crypto,96343485,EUR,277.74,2025-04-28T09:18:34.167642+00:00
164,Equities,47447604,AUD,360.33,2025-04-14T09:18:34.167642+00:00
165,Bonds,37820354,JPY,21072.65,2025-04-08T09:18:34.167642+00:00
166,Crypto,46702849,EUR,193.52,2025-02-25T09:18:34.167642+00:00
166,Crypto,60961690,JPY,43641.06,2025-05-04T09:18:34.167642+00:00
166,Bonds,15646068,EUR,337.29,2025-05-12T09:18:34.167642+00:00
167,Bonds,69374716,EUR,200.94,2025-04-25T09:18:34.167642+00:00
168,Real Estate,82286705,EUR,333.45,2025-02-22T09:18:34.167642+00:00
168,Crypto,28424464,GBP,242.35,2025-03-08T09:18:34.167642+00:00
168,Real Estate,42542167,GBP,250.48,2025-03-16T09:18:34.167642+00:00
168,Real Estate,95623471,USD,197.34,2025-03-31T09:18:34.167642+00:00
169,Bonds,73404979,GBP,168.12,2025-05-05T09:18:34.167642+00:00
169,Cash,83867070,USD,175.86,2025-03-23T09:18:34.167642+00:00
170,Crypto,97313825,USD,329.23,2025-04-16T09:18:34.167642+00:00
170,Crypto,48307798,GBP,286.19,2025-05-11T09:18:34.167642+00:00
171,Commodities,41168067,AUD,321.66,2025-05-18T09:18:34.167642+00:00
172,Bonds,66087572,USD,362.61,2025-05-18T09:18:34.167642+00:00
172,Crypto,76489301,USD,363.11,2025-04-15T09:18:34.167642+00:00
172,Cash,11243818,EUR,270.47,2025-05-09T09:18:34.167642+00:00
173,Bonds,48193218,JPY,31825.59,2025-03-14T09:18:34.167642+00:00
173,Commodities,76291802,USD,231.38,2025-03-24T09:18:34.167642+00:00
174,Equities,35878707,GBP,199.6,2025-03-25T09:18:34.167642+00:00
175,Commodities,44529507,USD,126.76,2025-04-09T09:18:34.167642+00:00
176,Bonds,86206305,USD,220.41,2025-03-02T09:18:34.167642+00:00
176,Real Estate,67405358,AUD,368.5,2025-04-01T09:18:34.167642+00:00
177,Commodities,22802372,USD,247.71,2025-03-22T09:18:34.167642+00:00
177,Bonds,43292316,GBP,126.08,2025-04-22T09:18:34.167642+00:00
177,Real Estate,45835371,EUR,149.72,2025-03-10T09:18:34.167642+00:00
177,Cash,45105069,EUR,194.67,2025-05-15T09:18:34.167642+00:00
178,Commodities,25867870,JPY,31363.35,2025-04-01T09:18:34.167642+00:00
178,Commodities,77447155,EUR,291.58,2025-03-02T09:18:34.167642+00:00
178,Bonds,59330907,AUD,338.79,2025-05-05T09:18:34.167642+00:00
178,Real Estate,30560218,JPY,41945.64,2025-03-06T09:18:34.167642+00:00
179,Crypto,65813853,AUD,353.87,2025-03-15T09:18:34.167642+00:00
179,Real Estate,43214247,AUD,346.53,2025-05-12T09:18:34.167642+00:00
180,Crypto,69961498,AUD,472.8,2025-05-13T09:18:34.167642+00:00
180,Commodities,25060409,GBP,274.32,2025-03-19T09:18:34.167642+00:00
180,Real Estate,86866717,AUD,319.08,2025-04-11T09:18:34.167642+00:00
181,Crypto,69302835,GBP,168.03,2025-03-09T09:18:34.167642+00:00
181,Crypto,22205980,AUD,267.41,2025-05-15T09:18:34.167642+00:00
181,Crypto,27709269,AUD,261.85,2025-03-11T09:18:34.167642+00:00
182,Cash,85000490,JPY,40146.43,2025-04-13T09:18:34.167642+00:00
182,Cash,63143336,EUR,313.34,2025-04-25T09:18:34.167642+00:00
183,Equities,16078694,JPY,21512.46,2025-05-14T09:18:34.167642+00:00
183,Commodities,18087373,GBP,198.61,2025-03-23T09:18:34.167642+00:00
183,Cash,48532662,JPY,18879.7,2025-05-05T09:18:34.167642+00:00
184,Real Estate,60259293,JPY,34764.89,2025-04-04T09:18:34.167642+00:00
184,Real Estate,20770971,AUD,314.4,2025-04-08T09:18:34.167642+00:00
184,Equities,33954324,AUD,386.57,2025-05-06T09:18:34.167642+00:00
185,Real Estate,10466177,GBP,197.85,2025-03-24T09:18:34.167642+00:00
185,Crypto,66925500,AUD,255.17,2025-04-23T09:18:34.167642+00:00
185,Real Estate,71824078,EUR,132.84,2025-04-28T09:18:34.167642+00:00
185,Equities,14324134,JPY,25838.77,2025-05-20T09:18:34.167642+00:00
186,Equities,37659807,GBP,165.13,2025-05-18T09:18:34.167642+00:00
186,Real Estate,90233330,GBP,186.71,2025-05-17T09:18:34.167642+00:00
187,Crypto,68916591,USD,192.47,2025-05-15T09:18:34.167642+00:00
187,Bonds,77631755,EUR,141.93,2025-03-10T09:18:34.167642+00:00
188,Bonds,87507357,AUD,491.88,2025-04-11T09:18:34.167642+00:00
188,Equities,50502136,USD,372.32,2025-03-17T09:18:34.167642+00:00
189,Equities,65507111,EUR,146.64,2025-03-12T09:18:34.167642+00:00
189,Crypto,33505978,JPY,24893.61,2025-05-16T09:18:34.167642+00:00
190,Crypto,96344420,JPY,42859.31,2025-04-12T09:18:34.167642+00:00
190,Crypto,64795619,USD,243.73,2025-04-29T09:18:34.167642+00:00
191,Crypto,73554620,USD,231.17,2025-04-14T09:18:34.167642+00:00
191,Commodities,29374563,JPY,30635.86,2025-03-12T09:18:34.167642+00:00
191,Real Estate,65902739,AUD,283.05,2025-04-03T09:18:34.167642+00:00
192,Real Estate,44224936,USD,249.42,2025-05-12T09:18:34.167642+00:00
192,Crypto,59805178,GBP,230.35,2025-04-28T09:18:34.167642+00:00
192,Cash,46032304,JPY,40168.13,2025-03-06T09:18:34.167642+00:00
193,Cash,19768947,USD,225.58,2025-03-08T09:18:34.167642+00:00
193,Crypto,85007641,USD,184.92,2025-04-10T09:18:34.167642+00:00
194,Equities,12058055,USD,363.22,2025-05-07T09:18:34.167642+00:00
194,Crypto,42560305,AUD,472.8,2025-04-02T09:18:34.167642+00:00
194,Equities,84098828,EUR,306.28,2025-04-04T09:18:34.167642+00:00
194,Crypto,81625307,EUR,225.7,2025-04-06T09:18:34.167642+00:00
195,Crypto,76743428,JPY,17577.73,2025-03-23T09:18:34.167642+00:00
195,Bonds,37263310,EUR,150.99,2025-05-17T09:18:34.167642+00:00
196,Crypto,39698906,USD,190.54,2025-03-13T09:18:34.167642+00:00
196,Crypto,87731247,JPY,31084.61,2025-04-27T09:18:34.167642+00:00
197,Crypto,40872577,JPY,25116.63,2025-04-21T09:18:34.167642+00:00
197,Crypto,83905989,EUR,144.59,2025-03-21T09:18:34.167642+00:00
198,Commodities,96126771,JPY,35059.9,2025-04-07T09:18:34.167642+00:00
199,Equities,28784915,AUD,275.34,2025-03-14T09:18:34.167642+00:00
199,Commodities,17882882,AUD,191.26,2025-05-13T09:18:34.167642+00:00
199,Commodities,16511491,GBP,141.24,2025-03-03T09:18:34.167642+00:00
200,Real Estate,19122502,USD,189.21,2025-03-19T09:18:34.167642+00:00
200,Crypto,60090149,GBP,242.68,2025-02-26T09:18:34.167642+00:00
200,Crypto,98487646,JPY,24377.56,2025-03-15T09:18:34.167642+00:00
201,Crypto,65208920,GBP,101.67,2025-04-17T09:18:34.167642+00:00
201,Crypto,48478684,GBP,150.22,2025-02-22T09:18:34.167642+00:00
202,Crypto,34060788,GBP,287.71,2025-03-16T09:18:34.167642+00:00
202,Bonds,42342289,USD,303.71,2025-04-20T09:18:34.167642+00:00
202,Crypto,45879718,JPY,25896.46,2025-04-01T09:18:34.167642+00:00
203,Crypto,85833309,USD,248.78,2025-04-24T09:18:34.167642+00:00
203,Crypto,20820219,GBP,109.35,2025-04-04T09:18:34.167642+00:00
203,Crypto,84182331,JPY,16897.84,2025-05-21T09:18:34.167642+00:00
204,Bonds,21097943,JPY,44287.92,2025-03-01T09:18:34.167642+00:00
205,Crypto,85947990,GBP,189.48,2025-05-17T09:18:34.167642+00:00
205,Real Estate,38375916,AUD,272.97,2025-05-17T09:18:34.167642+00:00
206,Equities,47631028,AUD,433.87,2025-05-18T09:18:34.167642+00:00
206,Bonds,52209421,GBP,294.22,2025-03-08T09:18:34.167642+00:00
206,Bonds,63458386,GBP,194.89,2025-03-11T09:18:34.167642+00:00
207,Real Estate,86060638,JPY,26832.56,2025-03-14T09:18:34.167642+00:00
208,Crypto,61518966,USD,335.72,2025-02-23T09:18:34.167642+00:00
208,Equities,77215278,EUR,181.76,2025-03-28T09:18:34.167642+00:00
208,Real Estate,20202996,EUR,276.89,2025-03-05T09:18:34.167642+00:00
209,Crypto,63244581,EUR,118.41,2025-04-18T09:18:34.167642+00:00
210,Crypto,75847681,USD,254.21,2025-04-04T09:18:34.167642+00:00
210,Crypto,34929311,AUD,460.84,2025-05-12T09:18:34.167642+00:00
210,Crypto,43077929,GBP,162.31,2025-05-03T09:18:34.167642+00:00
210,Crypto,95080736,USD,326.19,2025-04-12T09:18:34.167642+00:00
211,Crypto,24301022,GBP,100.52,2025-04-13T09:18:34.167642+00:00
211,Crypto,58307308,EUR,126.76,2025-05-11T09:18:34.167642+00:00
212,Bonds,67845091,JPY,37367.64,2025-03-18T09:18:34.167642+00:00
213,Real Estate,23863742,GBP,108.96,2025-03-13T09:18:34.167642+00:00
213,Equities,90117857,AUD,330.12,2025-04-03T09:18:34.167642+00:00
213,Cash,49171088,JPY,22204.79,2025-05-12T09:18:34.167642+00:00
213,Commodities,85099723,USD,196.5,2025-05-01T09:18:34.167642+00:00
214,Crypto,61100987,USD,213.53,2025-04-14T09:18:34.167642+00:00
214,Equities,76185975,USD,199.36,2025-03-28T09:18:34.167642+00:00
215,Crypto,66519399,EUR,170.69,2025-05-13T09:18:34.167642+00:00
215,Crypto,43782566,USD,215.11,2025-03-20T09:18:34.167642+00:00
216,Real Estate,71453148,GBP,170.32,2025-05-22T09:18:34.167642+00:00
216,Crypto,54589439,AUD,382.92,2025-04-10T09:18:34.167642+00:00
216,Crypto,54927535,JPY,43571.41,2025-02-28T09:18:34.167642+00:00
217,Bonds,50323741,EUR,184.37,2025-02-23T09:18:34.167642+00:00
217,Real Estate,74291599,EUR,135.43,2025-04-02T09:18:34.167642+00:00
217,Crypto,49117508,JPY,31484.21,2025-04-21T09:18:34.167642+00:00
217,Crypto,60473288,EUR,208.9,2025-04-02T09:18:34.167642+00:00
218,Crypto,25285764,AUD,332.94,2025-03-14T09:18:34.167642+00:00
219,Bonds,83833059,GBP,195.3,2025-03-24T09:18:34.167642+00:00
219,Crypto,38138531,JPY,28762.97,2025-02-23T09:18:34.167642+00:00
219,Equities,64914054,JPY,18226.87,2025-04-14T09:18:34.167642+00:00
220,Real Estate,43914361,USD,321.61,2025-04-04T09:18:34.167642+00:00
220,Equities,70272714,AUD,410.49,2025-04-01T09:18:34.179401+00:00
220,Commodities,77996397,JPY,37047.48,2025-04-06T09:18:34.179401+00:00
221,Commodities,89701163,GBP,110.94,2025-04-21T09:18:34.179401+00:00
221,Crypto,32325574,AUD,193.19,2025-03-01T09:18:34.179401+00:00
221,Crypto,54506155,JPY,17695.11,2025-05-10T09:18:34.179401+00:00
221,Crypto,39796480,AUD,323.17,2025-03-12T09:18:34.179401+00:00
222,Real Estate,69831384,EUR,239.97,2025-02-25T09:18:34.179401+00:00
222,Commodities,30232642,EUR,344.6,2025-03-22T09:18:34.179401+00:00
223,Bonds,49652241,JPY,30728.76,2025-05-12T09:18:34.179401+00:00
223,Bonds,29015320,EUR,150.87,2025-03-25T09:18:34.179401+00:00
224,Equities,79942848,JPY,32359.21,2025-05-10T09:18:34.179401+00:00
224,Crypto,70726434,EUR,184.09,2025-05-17T09:18:34.179401+00:00
225,Commodities,25446483,GBP,184.92,2025-03-01T09:18:34.179401+00:00
225,Equities,32059232,USD,189.5,2025-03-13T09:18:34.179401+00:00
225,Bonds,54424679,AUD,263.88,2025-03-24T09:18:34.179401+00:00
226,Real Estate,64364546,USD,222.45,2025-02-27T09:18:34.179401+00:00
227,Crypto,63094168,GBP,173.74,2025-04-27T09:18:34.179401+00:00
228,Crypto,89484162,JPY,33332.06,2025-02-21T09:18:34.179401+00:00
228,Real Estate,37619925,EUR,302.28,2025-05-14T09:18:34.179401+00:00
228,Equities,82060023,USD,256.09,2025-04-27T09:18:34.179401+00:00
229,Crypto,25294777,EUR,192.13,2025-03-21T09:18:34.179401+00:00
229,Commodities,95779702,EUR,183.65,2025-03-05T09:18:34.179401+00:00
229,Crypto,88786439,GBP,134.79,2025-03-25T09:18:34.179401+00:00
230,Crypto,33156250,EUR,330.97,2025-03-08T09:18:34.179401+00:00
231,Equities,27978165,EUR,128.55,2025-04-13T09:18:34.179401+00:00
232,Bonds,34567819,EUR,292.12,2025-03-18T09:18:34.179401+00:00
232,Crypto,66135102,AUD,315.76,2025-04-03T09:18:34.179401+00:00
232,Crypto,34931439,JPY,39252.04,2025-02-23T09:18:34.179401+00:00
233,Crypto,33251181,AUD,215.87,2025-04-16T09:18:34.179401+00:00
233,Bonds,35111946,EUR,211.83,2025-03-04T09:18:34.179401+00:00
233,Cash,58189421,GBP,148.46,2025-04-28T09:18:34.179401+00:00
233,Real Estate,85374270,AUD,305.82,2025-03-31T09:18:34.179401+00:00
233,Crypto,75998330,JPY,27362.28,2025-03-27T09:18:34.179401+00:00
234,Bonds,32448383,GBP,234.81,2025-04-24T09:18:34.179401+00:00
234,Equities,14388260,EUR,211.29,2025-04-16T09:18:34.179401+00:00
234,Equities,71380637,AUD,483.55,2025-03-20T09:18:34.179401+00:00
235,Crypto,78559218,GBP,157.27,2025-04-18T09:18:34.179401+00:00
235,Crypto,59239353,AUD,337.18,2025-05-17T09:18:34.179401+00:00
235,Commodities,69239219,AUD,225.43,2025-03-29T09:18:34.179401+00:00
236,Bonds,97734330,USD,243.32,2025-05-18T09:18:34.179401+00:00
236,Crypto,45274462,EUR,321.23,2025-05-11T09:18:34.179401+00:00
237,Crypto,25755285,USD,151.23,2025-03-08T09:18:34.179401+00:00
237,Commodities,57060874,AUD,302.06,2025-05-01T09:18:34.179401+00:00
237,Crypto,28687800,USD,226.69,2025-05-15T09:18:34.179401+00:00
238,Crypto,57085656,AUD,355.5,2025-03-15T09:18:34.179401+00:00
238,Bonds,53440052,EUR,222.41,2025-04-18T09:18:34.179401+00:00
239,Crypto,22780905,USD,245.35,2025-03-31T09:18:34.179401+00:00
239,Cash,47221734,USD,212.68,2025-05-06T09:18:34.179401+00:00
240,Crypto,29628462,EUR,315.41,2025-02-25T09:18:34.179401+00:00
240,Crypto,75694038,USD,295.77,2025-04-18T09:18:34.179401+00:00
241,Crypto,65596350,JPY,23231.87,2025-03-02T09:18:34.179401+00:00
241,Equities,64069715,AUD,323.71,2025-02-23T09:18:34.179401+00:00
242,Bonds,71028216,JPY,31854.94,2025-05-22T09:18:34.179401+00:00
242,Commodities,22501261,JPY,39236.17,2025-02-22T09:18:34.179401+00:00
242,Bonds,18500100,AUD,387.87,2025-03-29T09:18:34.179401+00:00
243,Bonds,76399516,EUR,152.13,2025-04-16T09:18:34.179401+00:00
243,Crypto,83458776,AUD,209.16,2025-03-21T09:18:34.179401+00:00
243,Crypto,16497381,GBP,109.96,2025-03-25T09:18:34.179401+00:00
243,Cash,26674831,USD,180.16,2025-05-22T09:18:34.179401+00:00
244,Crypto,37154689,USD,352.9,2025-04-14T09:18:34.179401+00:00
244,Bonds,46778269,GBP,248.19,2025-04-20T09:18:34.179401+00:00
244,Equities,59908025,USD,197.21,2025-03-03T09:18:34.179401+00:00
245,Equities,41426254,JPY,26487.76,2025-02-21T09:18:34.179401+00:00
245,Equities,10145801,USD,184.6,2025-05-06T09:18:34.179401+00:00
246,Crypto,79718627,JPY,24222.89,2025-02-22T09:18:34.179401+00:00
246,Crypto,26185823,JPY,40656.74,2025-03-22T09:18:34.179401+00:00
247,Equities,40728728,JPY,17429.3,2025-05-09T09:18:34.179401+00:00
248,Equities,52057323,EUR,324.47,2025-05-05T09:18:34.179401+00:00
248,Real Estate,27870584,USD,200.33,2025-03-11T09:18:34.179401+00:00
248,Cash,91915661,USD,270.02,2025-04-25T09:18:34.179401+00:00
249,Crypto,30317091,JPY,25857.22,2025-03-27T09:18:34.179401+00:00
249,Equities,21635070,GBP,114.0,2025-05-07T09:18:34.179401+00:00
249,Crypto,61543890,EUR,225.77,2025-04-12T09:18:34.179401+00:00
250,Bonds,43257324,EUR,283.7,2025-04-21T09:18:34.179401+00:00
250,Commodities,90664728,AUD,477.63,2025-04-16T09:18:34.179401+00:00
251,Cash,98369672,EUR,138.63,2025-03-06T09:18:34.179401+00:00
251,Commodities,35319707,JPY,20728.67,2025-05-16T09:18:34.179401+00:00
251,Real Estate,76422705,JPY,17803.9,2025-03-20T09:18:34.179401+00:00
251,Equities,80905413,GBP,198.69,2025-04-12T09:18:34.179401+00:00
251,Bonds,61920550,AUD,262.86,2025-03-14T09:18:34.179401+00:00
252,Crypto,33188838,JPY,46906.87,2025-05-13T09:18:34.179401+00:00
252,Cash,88834594,GBP,152.07,2025-04-25T09:18:34.181408+00:00
252,Cash,18115992,JPY,36158.65,2025-03-03T09:18:34.181408+00:00
253,Commodities,77249653,JPY,22777.2,2025-04-01T09:18:34.181408+00:00
253,Equities,95971459,AUD,284.47,2025-05-03T09:18:34.181408+00:00
253,Bonds,21220209,EUR,124.09,2025-04-26T09:18:34.181408+00:00
254,Equities,81993070,EUR,239.9,2025-03-02T09:18:34.181408+00:00
254,Crypto,96322745,GBP,196.53,2025-03-28T09:18:34.181408+00:00
255,Real Estate,17772004,USD,135.78,2025-03-28T09:18:34.181408+00:00
255,Equities,70850538,AUD,297.63,2025-04-13T09:18:34.181408+00:00
255,Bonds,26031369,GBP,170.79,2025-02-22T09:18:34.181408+00:00
255,Cash,31989243,JPY,31248.26,2025-03-17T09:18:34.181408+00:00
256,Crypto,44795538,USD,257.23,2025-04-18T09:18:34.181408+00:00
256,Crypto,25845304,GBP,200.25,2025-03-29T09:18:34.181408+00:00
256,Crypto,80310522,GBP,189.44,2025-03-10T09:18:34.181408+00:00
257,Equities,76591799,JPY,24172.51,2025-05-15T09:18:34.181408+00:00
258,Crypto,86086168,USD,256.44,2025-04-20T09:18:34.181408+00:00
258,Equities,87029205,GBP,184.26,2025-03-18T09:18:34.181408+00:00
258,Cash,15910667,GBP,186.68,2025-03-23T09:18:34.181408+00:00
259,Crypto,61402634,USD,147.37,2025-05-18T09:18:34.181408+00:00
259,Commodities,98007006,JPY,19592.25,2025-04-21T09:18:34.181408+00:00
260,Crypto,52940967,EUR,314.98,2025-03-10T09:18:34.181408+00:00
260,Crypto,26025721,AUD,464.35,2025-05-16T09:18:34.181408+00:00
260,Bonds,39955391,AUD,549.84,2025-04-01T09:18:34.181408+00:00
260,Equities,72423883,EUR,305.93,2025-04-13T09:18:34.181408+00:00
261,Crypto,21594468,AUD,269.5,2025-04-05T09:18:34.181408+00:00
261,Real Estate,49137230,AUD,330.13,2025-03-04T09:18:34.181408+00:00
261,Real Estate,72267186,EUR,183.04,2025-03-20T09:18:34.181408+00:00
261,Commodities,36229153,AUD,325.69,2025-04-21T09:18:34.181408+00:00
262,Bonds,10856024,JPY,24573.85,2025-03-14T09:18:34.181408+00:00
262,Crypto,95354668,GBP,292.65,2025-05-22T09:18:34.181408+00:00
263,Crypto,60502752,EUR,126.95,2025-03-16T09:18:34.181408+00:00
263,Bonds,66346728,JPY,31378.96,2025-05-04T09:18:34.181408+00:00
263,Commodities,47557512,GBP,104.39,2025-04-23T09:18:34.181408+00:00
264,Crypto,59995026,JPY,47389.31,2025-05-12T09:18:34.181408+00:00
264,Equities,77837366,USD,306.98,2025-04-02T09:18:34.181408+00:00
264,Equities,89442904,AUD,294.78,2025-02-27T09:18:34.181408+00:00
265,Bonds,41778964,EUR,145.01,2025-04-12T09:18:34.181408+00:00
265,Crypto,53788744,EUR,167.07,2025-04-23T09:18:34.181408+00:00
265,Equities,37207628,USD,222.49,2025-03-09T09:18:34.181408+00:00
266,Equities,30858851,GBP,174.66,2025-03-24T09:18:34.181408+00:00
266,Crypto,64561191,GBP,230.39,2025-04-26T09:18:34.181408+00:00
266,Crypto,51380361,JPY,30360.19,2025-05-07T09:18:34.181408+00:00
267,Equities,31154777,EUR,210.03,2025-02-22T09:18:34.181408+00:00
267,Cash,38859601,EUR,132.06,2025-04-21T09:18:34.181408+00:00
268,Crypto,63183031,AUD,291.08,2025-04-14T09:18:34.181408+00:00
268,Crypto,33336132,GBP,292.81,2025-03-26T09:18:34.181408+00:00
269,Commodities,83835976,USD,136.84,2025-05-09T09:18:34.181408+00:00
269,Bonds,26301180,GBP,106.17,2025-04-24T09:18:34.181408+00:00
269,Bonds,36592965,JPY,21955.84,2025-03-03T09:18:34.181408+00:00
269,Equities,88158177,AUD,232.88,2025-05-13T09:18:34.181408+00:00
270,Cash,18653290,USD,356.72,2025-03-27T09:18:34.181408+00:00
270,Bonds,22345163,EUR,193.64,2025-03-24T09:18:34.181408+00:00
271,Cash,32547129,AUD,265.13,2025-04-02T09:18:34.181408+00:00
271,Crypto,13957046,JPY,26931.41,2025-04-30T09:18:34.181408+00:00
272,Crypto,38818707,USD,239.06,2025-03-26T09:18:34.181408+00:00
272,Bonds,14650569,AUD,449.32,2025-04-21T09:18:34.181408+00:00
273,Crypto,49608344,JPY,22591.88,2025-03-13T09:18:34.181408+00:00
273,Crypto,18184472,GBP,127.98,2025-05-05T09:18:34.181408+00:00
273,Real Estate,36770773,AUD,231.09,2025-03-14T09:18:34.181408+00:00
274,Cash,61338023,EUR,255.25,2025-03-21T09:18:34.181408+00:00
274,Crypto,85920407,AUD,366.75,2025-04-18T09:18:34.181408+00:00
274,Bonds,13498112,EUR,275.5,2025-05-19T09:18:34.181408+00:00
274,Crypto,17863981,JPY,36706.38,2025-03-09T09:18:34.182896+00:00
274,Crypto,31424479,GBP,187.18,2025-04-22T09:18:34.182896+00:00
275,Crypto,81630600,GBP,176.4,2025-04-24T09:18:34.182896+00:00
276,Crypto,57621071,USD,220.52,2025-03-08T09:18:34.182896+00:00
276,Crypto,58155056,AUD,285.33,2025-02-22T09:18:34.182896+00:00
276,Crypto,86188876,AUD,316.93,2025-04-28T09:18:34.182896+00:00
277,Commodities,76065552,AUD,242.17,2025-03-21T09:18:34.182896+00:00
277,Cash,22114140,GBP,123.26,2025-04-24T09:18:34.182896+00:00
277,Cash,80658723,JPY,16010.94,2025-03-05T09:18:34.182896+00:00
277,Real Estate,27514010,EUR,197.45,2025-04-11T09:18:34.182896+00:00
278,Cash,12941099,USD,297.49,2025-05-04T09:18:34.182896+00:00
278,Equities,80638102,EUR,338.2,2025-04-05T09:18:34.182896+00:00
279,Crypto,88653825,GBP,133.66,2025-04-11T09:18:34.182896+00:00
279,Bonds,31139813,JPY,28669.48,2025-03-21T09:18:34.182896+00:00
279,Crypto,33381086,AUD,313.31,2025-03-05T09:18:34.182896+00:00
280,Crypto,39962391,AUD,503.51,2025-04-04T09:18:34.182896+00:00
281,Crypto,49529438,USD,147.21,2025-05-22T09:18:34.182896+00:00
281,Crypto,86884584,JPY,29612.11,2025-03-11T09:18:34.182896+00:00
281,Cash,34438599,AUD,243.87,2025-03-05T09:18:34.182896+00:00
282,Real Estate,95851936,AUD,306.39,2025-03-20T09:18:34.182896+00:00
282,Bonds,54448673,GBP,185.7,2025-04-12T09:18:34.182896+00:00
283,Bonds,95387542,GBP,182.17,2025-02-26T09:18:34.182896+00:00
283,Crypto,55063530,JPY,16182.33,2025-04-26T09:18:34.182896+00:00
283,Bonds,19099261,EUR,144.52,2025-05-09T09:18:34.182896+00:00
284,Cash,16462242,JPY,34517.28,2025-03-30T09:18:34.182896+00:00
284,Bonds,65568711,JPY,45162.5,2025-04-08T09:18:34.182896+00:00
284,Crypto,23613510,JPY,42929.52,2025-03-10T09:18:34.182896+00:00
284,Crypto,31831387,JPY,25769.03,2025-05-18T09:18:34.182896+00:00
285,Crypto,12694823,EUR,145.03,2025-05-09T09:18:34.182896+00:00
285,Equities,55876720,USD,235.99,2025-05-02T09:18:34.182896+00:00
285,Crypto,20066654,AUD,359.24,2025-05-11T09:18:34.182896+00:00
285,Crypto,89729429,AUD,350.25,2025-02-21T09:18:34.182896+00:00
285,Cash,67891237,USD,200.91,2025-03-28T09:18:34.182896+00:00
286,Bonds,17188130,GBP,199.66,2025-04-28T09:18:34.182896+00:00
286,Crypto,84371711,AUD,351.11,2025-04-16T09:18:34.182896+00:00
287,Crypto,41883191,GBP,104.96,2025-03-10T09:18:34.182896+00:00
287,Commodities,75893962,USD,131.81,2025-05-22T09:18:34.182896+00:00
287,Crypto,21761279,EUR,209.75,2025-03-03T09:18:34.182896+00:00
288,Crypto,36799898,GBP,153.86,2025-05-01T09:18:34.182896+00:00
288,Crypto,20997276,JPY,44250.46,2025-04-13T09:18:34.182896+00:00
288,Crypto,73209094,JPY,45477.06,2025-04-19T09:18:34.182896+00:00
289,Equities,96149847,AUD,256.69,2025-04-05T09:18:34.182896+00:00
289,Crypto,59580252,USD,180.72,2025-04-19T09:18:34.182896+00:00
290,Crypto,72419022,EUR,211.53,2025-04-18T09:18:34.182896+00:00
290,Cash,30284415,GBP,162.86,2025-04-08T09:18:34.182896+00:00
290,Commodities,65564347,AUD,340.63,2025-05-15T09:18:34.182896+00:00
291,Crypto,80139805,JPY,31450.04,2025-02-24T09:18:34.182896+00:00
291,Crypto,86868410,USD,184.53,2025-05-12T09:18:34.182896+00:00
292,Crypto,14661179,AUD,436.01,2025-03-17T09:18:34.182896+00:00
292,Commodities,86703472,AUD,318.42,2025-03-26T09:18:34.182896+00:00
292,Bonds,32436477,USD,339.09,2025-05-06T09:18:34.182896+00:00
293,Cash,66824417,GBP,198.83,2025-03-28T09:18:34.182896+00:00
293,Bonds,94184877,USD,229.26,2025-04-19T09:18:34.182896+00:00
293,Bonds,18994192,GBP,138.81,2025-04-02T09:18:34.182896+00:00
293,Crypto,53771998,EUR,174.76,2025-05-21T09:18:34.182896+00:00
294,Commodities,93625419,AUD,422.51,2025-03-30T09:18:34.182896+00:00
295,Equities,65625517,USD,143.52,2025-03-08T09:18:34.182896+00:00
295,Equities,24178065,AUD,329.22,2025-04-16T09:18:34.182896+00:00
295,Commodities,56153339,JPY,20226.19,2025-02-28T09:18:34.182896+00:00
295,Crypto,86775659,AUD,272.51,2025-04-30T09:18:34.184962+00:00
296,Crypto,64086249,USD,303.42,2025-02-24T09:18:34.184962+00:00
296,Crypto,15205303,JPY,45349.78,2025-04-10T09:18:34.184962+00:00
296,Real Estate,16615722,JPY,46100.04,2025-04-05T09:18:34.184962+00:00
296,Cash,55347617,EUR,226.14,2025-03-21T09:18:34.184962+00:00
297,Equities,40595926,USD,162.56,2025-03-27T09:18:34.184962+00:00
297,Crypto,46160937,JPY,25679.67,2025-05-11T09:18:34.184962+00:00
298,Real Estate,69286198,USD,358.77,2025-03-31T09:18:34.184962+00:00
299,Crypto,79323646,EUR,209.42,2025-03-18T09:18:34.184962+00:00
299,Bonds,18806960,EUR,196.6,2025-04-01T09:18:34.184962+00:00
300,Bonds,80368504,AUD,285.53,2025-04-28T09:18:34.184962+00:00
300,Bonds,17734634,USD,193.7,2025-05-16T09:18:34.184962+00:00
300,Bonds,36724061,EUR,236.04,2025-03-24T09:18:34.184962+00:00
300,Commodities,63276690,GBP,252.18,2025-04-22T09:18:34.184962+00:00
